,fecha,nombre_completo,estado,precipitacion,temperatura
0,2023-09-27 00:00:00,ITM Medellín,Habilitada,0.00000,20.44444
1,2023-09-27 00:01:00,ITM Medellín,Habilitada,0.00000,20.44444
2,2023-09-27 00:02:00,ITM Medellín,Habilitada,0.00000,20.44444
3,2023-09-27 00:03:00,ITM Medellín,Habilitada,0.00000,20.44444
4,2023-09-27 00:04:01,ITM Medellín,Habilitada,0.00000,20.44444
5,2023-09-27 00:05:00,ITM Medellín,Habilitada,0.00000,20.44444
6,2023-09-27 00:06:00,ITM Medellín,Habilitada,0.00000,20.38889
7,2023-09-27 00:07:00,ITM Medellín,Habilitada,0.00000,20.38889
8,2023-09-27 00:08:10,ITM Medellín,Habilitada,0.00000,20.38889
9,2023-09-27 00:09:01,ITM Medellín,Habilitada,0.00000,20.38889
10,2023-09-27 00:10:00,ITM Medellín,Habilitada,0.00000,20.38889
11,2023-09-27 00:11:01,ITM Medellín,Habilitada,0.00000,20.38889
12,2023-09-27 00:12:00,ITM Medellín,Habilitada,0.00000,20.33333
13,2023-09-27 00:13:00,ITM Medellín,Habilitada,0.00000,20.33333
14,2023-09-27 00:14:00,ITM Medellín,Habilitada,0.00000,20.33333
15,2023-09-27 00:15:00,ITM Medellín,Habilitada,0.00000,20.33333
16,2023-09-27 00:16:00,ITM Medellín,Habilitada,0.00000,20.33333
17,2023-09-27 00:17:00,ITM Medellín,Habilitada,0.00000,20.33333
18,2023-09-27 00:18:01,ITM Medellín,Habilitada,0.00000,20.33333
19,2023-09-27 00:19:00,ITM Medellín,Habilitada,0.00000,20.33333
20,2023-09-27 00:20:00,ITM Medellín,Habilitada,0.00000,20.27778
21,2023-09-27 00:21:00,ITM Medellín,Habilitada,0.00000,20.27778
22,2023-09-27 00:22:00,ITM Medellín,Habilitada,0.00000,20.27778
23,2023-09-27 00:23:00,ITM Medellín,Habilitada,0.00000,20.22222
24,2023-09-27 00:24:00,ITM Medellín,Habilitada,0.00000,20.22222
25,2023-09-27 00:25:00,ITM Medellín,Habilitada,0.00000,20.22222
26,2023-09-27 00:26:00,ITM Medellín,Habilitada,0.00000,20.27778
27,2023-09-27 00:27:01,ITM Medellín,Habilitada,0.00000,20.27778
28,2023-09-27 00:28:00,ITM Medellín,Habilitada,0.00000,20.27778
29,2023-09-27 00:29:00,ITM Medellín,Habilitada,0.00000,20.27778
30,2023-09-27 00:30:00,ITM Medellín,Habilitada,0.00000,20.27778
31,2023-09-27 00:31:00,ITM Medellín,Habilitada,0.00000,20.33333
32,2023-09-27 00:32:10,ITM Medellín,Habilitada,0.00000,20.33333
33,2023-09-27 00:33:00,ITM Medellín,Habilitada,0.00000,20.38889
34,2023-09-27 00:34:00,ITM Medellín,Habilitada,0.00000,20.38889
35,2023-09-27 00:35:00,ITM Medellín,Habilitada,0.00000,20.38889
36,2023-09-27 00:36:00,ITM Medellín,Habilitada,0.00000,20.38889
37,2023-09-27 00:37:00,ITM Medellín,Habilitada,0.00000,20.44444
38,2023-09-27 00:38:00,ITM Medellín,Habilitada,0.00000,20.44444
39,2023-09-27 00:39:01,ITM Medellín,Habilitada,0.00000,20.44444
40,2023-09-27 00:40:00,ITM Medellín,Habilitada,0.00000,20.44444
41,2023-09-27 00:41:00,ITM Medellín,Habilitada,0.00000,20.44444
42,2023-09-27 00:42:01,ITM Medellín,Habilitada,0.00000,20.44444
43,2023-09-27 00:43:00,ITM Medellín,Habilitada,0.00000,20.44444
44,2023-09-27 00:44:00,ITM Medellín,Habilitada,0.00000,20.44444
45,2023-09-27 00:45:00,ITM Medellín,Habilitada,0.00000,20.44444
46,2023-09-27 00:46:00,ITM Medellín,Habilitada,0.00000,20.38889
47,2023-09-27 00:47:00,ITM Medellín,Habilitada,0.00000,20.44444
48,2023-09-27 00:48:01,ITM Medellín,Habilitada,0.00000,20.38889
49,2023-09-27 00:49:00,ITM Medellín,Habilitada,0.00000,20.38889
50,2023-09-27 00:50:00,ITM Medellín,Habilitada,0.00000,20.38889
51,2023-09-27 00:51:01,ITM Medellín,Habilitada,0.00000,20.38889
52,2023-09-27 00:52:00,ITM Medellín,Habilitada,0.00000,20.33333
53,2023-09-27 00:53:00,ITM Medellín,Habilitada,0.00000,20.33333
54,2023-09-27 00:54:00,ITM Medellín,Habilitada,0.00000,20.33333
55,2023-09-27 00:55:00,ITM Medellín,Habilitada,0.00000,20.27778
56,2023-09-27 00:56:00,ITM Medellín,Habilitada,0.00000,20.27778
57,2023-09-27 00:57:01,ITM Medellín,Habilitada,0.00000,20.27778
58,2023-09-27 00:58:00,ITM Medellín,Habilitada,0.00000,20.22222
59,2023-09-27 00:59:00,ITM Medellín,Habilitada,0.00000,20.22222
60,2023-09-27 01:00:00,ITM Medellín,Habilitada,0.00000,20.22222
61,2023-09-27 01:01:00,ITM Medellín,Habilitada,0.00000,20.22222
62,2023-09-27 01:02:00,ITM Medellín,Habilitada,0.00000,20.22222
63,2023-09-27 01:03:00,ITM Medellín,Habilitada,0.00000,20.22222
64,2023-09-27 01:04:01,ITM Medellín,Habilitada,0.00000,20.22222
65,2023-09-27 01:05:00,ITM Medellín,Habilitada,0.00000,20.22222
66,2023-09-27 01:06:01,ITM Medellín,Habilitada,0.00000,20.22222
67,2023-09-27 01:07:00,ITM Medellín,Habilitada,0.00000,20.22222
68,2023-09-27 01:08:00,ITM Medellín,Habilitada,0.00000,20.22222
69,2023-09-27 01:09:00,ITM Medellín,Habilitada,0.00000,20.22222
70,2023-09-27 01:10:00,ITM Medellín,Habilitada,0.00000,20.22222
71,2023-09-27 01:11:00,ITM Medellín,Habilitada,0.00000,20.22222
72,2023-09-27 01:12:00,ITM Medellín,Habilitada,0.00000,20.22222
73,2023-09-27 01:13:01,ITM Medellín,Habilitada,0.00000,20.22222
74,2023-09-27 01:14:00,ITM Medellín,Habilitada,0.00000,20.22222
75,2023-09-27 01:15:00,ITM Medellín,Habilitada,0.00000,20.27778
76,2023-09-27 01:16:00,ITM Medellín,Habilitada,0.00000,20.27778
77,2023-09-27 01:17:00,ITM Medellín,Habilitada,0.00000,20.22222
78,2023-09-27 01:18:00,ITM Medellín,Habilitada,0.00000,20.22222
79,2023-09-27 01:19:00,ITM Medellín,Habilitada,0.00000,20.22222
80,2023-09-27 01:20:00,ITM Medellín,Habilitada,0.00000,20.22222
81,2023-09-27 01:21:00,ITM Medellín,Habilitada,0.00000,20.22222
82,2023-09-27 01:22:01,ITM Medellín,Habilitada,0.00000,20.27778
83,2023-09-27 01:23:00,ITM Medellín,Habilitada,0.00000,20.27778
84,2023-09-27 01:24:00,ITM Medellín,Habilitada,0.00000,20.27778
85,2023-09-27 01:25:00,ITM Medellín,Habilitada,0.00000,20.27778
86,2023-09-27 01:26:00,ITM Medellín,Habilitada,0.00000,20.33333
87,2023-09-27 01:27:10,ITM Medellín,Habilitada,0.00000,20.33333
88,2023-09-27 01:28:01,ITM Medellín,Habilitada,0.00000,20.33333
89,2023-09-27 01:29:00,ITM Medellín,Habilitada,0.00000,20.33333
90,2023-09-27 01:30:10,ITM Medellín,Habilitada,0.00000,20.33333
91,2023-09-27 01:31:00,ITM Medellín,Habilitada,0.00000,20.33333
92,2023-09-27 01:32:00,ITM Medellín,Habilitada,0.00000,20.33333
93,2023-09-27 01:33:01,ITM Medellín,Habilitada,0.00000,20.33333
94,2023-09-27 01:34:00,ITM Medellín,Habilitada,0.00000,20.33333
95,2023-09-27 01:35:00,ITM Medellín,Habilitada,0.00000,20.33333
96,2023-09-27 01:36:00,ITM Medellín,Habilitada,0.00000,20.33333
97,2023-09-27 01:37:00,ITM Medellín,Habilitada,0.00000,20.33333
98,2023-09-27 01:38:00,ITM Medellín,Habilitada,0.00000,20.38889
99,2023-09-27 01:39:00,ITM Medellín,Habilitada,0.00000,20.38889
100,2023-09-27 01:40:00,ITM Medellín,Habilitada,0.00000,20.38889
101,2023-09-27 01:41:00,ITM Medellín,Habilitada,0.00000,20.33333
102,2023-09-27 01:42:01,ITM Medellín,Habilitada,0.00000,20.33333
103,2023-09-27 01:43:00,ITM Medellín,Habilitada,0.00000,20.27778
104,2023-09-27 01:44:00,ITM Medellín,Habilitada,0.00000,20.27778
105,2023-09-27 01:45:00,ITM Medellín,Habilitada,0.00000,20.27778
106,2023-09-27 01:46:00,ITM Medellín,Habilitada,0.00000,20.27778
107,2023-09-27 01:47:00,ITM Medellín,Habilitada,0.00000,20.27778
108,2023-09-27 01:48:00,ITM Medellín,Habilitada,0.00000,20.27778
109,2023-09-27 01:49:01,ITM Medellín,Habilitada,0.00000,20.27778
110,2023-09-27 01:50:00,ITM Medellín,Habilitada,0.00000,20.27778
111,2023-09-27 01:51:01,ITM Medellín,Habilitada,0.00000,20.27778
112,2023-09-27 01:52:00,ITM Medellín,Habilitada,0.00000,20.27778
113,2023-09-27 01:53:00,ITM Medellín,Habilitada,0.00000,20.27778
114,2023-09-27 01:54:00,ITM Medellín,Habilitada,0.00000,20.27778
115,2023-09-27 01:55:00,ITM Medellín,Habilitada,0.00000,20.27778
116,2023-09-27 01:56:00,ITM Medellín,Habilitada,0.00000,20.27778
117,2023-09-27 01:57:00,ITM Medellín,Habilitada,0.00000,20.27778
118,2023-09-27 01:58:00,ITM Medellín,Habilitada,0.00000,20.33333
119,2023-09-27 01:59:00,ITM Medellín,Habilitada,0.00000,20.33333
120,2023-09-27 02:00:00,ITM Medellín,Habilitada,0.00000,20.33333
121,2023-09-27 02:01:00,ITM Medellín,Habilitada,0.00000,20.33333
122,2023-09-27 02:02:00,ITM Medellín,Habilitada,0.00000,20.38889
123,2023-09-27 02:03:00,ITM Medellín,Habilitada,0.00000,20.38889
124,2023-09-27 02:04:00,ITM Medellín,Habilitada,0.00000,20.38889
125,2023-09-27 02:05:00,ITM Medellín,Habilitada,0.00000,20.38889
126,2023-09-27 02:06:01,ITM Medellín,Habilitada,0.00000,20.38889
127,2023-09-27 02:07:00,ITM Medellín,Habilitada,0.00000,20.38889
128,2023-09-27 02:08:00,ITM Medellín,Habilitada,0.00000,20.44444
129,2023-09-27 02:09:00,ITM Medellín,Habilitada,0.00000,20.44444
130,2023-09-27 02:10:00,ITM Medellín,Habilitada,0.00000,20.44444
131,2023-09-27 02:11:00,ITM Medellín,Habilitada,0.00000,20.44444
132,2023-09-27 02:12:00,ITM Medellín,Habilitada,0.00000,20.44444
133,2023-09-27 02:13:01,ITM Medellín,Habilitada,0.00000,20.44444
134,2023-09-27 02:14:00,ITM Medellín,Habilitada,0.00000,20.44444
135,2023-09-27 02:15:00,ITM Medellín,Habilitada,0.00000,20.44444
136,2023-09-27 02:16:01,ITM Medellín,Habilitada,0.00000,20.44444
137,2023-09-27 02:17:00,ITM Medellín,Habilitada,0.00000,20.44444
138,2023-09-27 02:18:00,ITM Medellín,Habilitada,0.00000,20.44444
139,2023-09-27 02:19:00,ITM Medellín,Habilitada,0.00000,20.44444
140,2023-09-27 02:20:00,ITM Medellín,Habilitada,0.00000,20.44444
141,2023-09-27 02:21:00,ITM Medellín,Habilitada,0.00000,20.44444
142,2023-09-27 02:22:01,ITM Medellín,Habilitada,0.00000,20.44444
143,2023-09-27 02:23:00,ITM Medellín,Habilitada,0.00000,20.50000
144,2023-09-27 02:24:00,ITM Medellín,Habilitada,0.00000,20.50000
145,2023-09-27 02:25:00,ITM Medellín,Habilitada,0.00000,20.50000
146,2023-09-27 02:26:00,ITM Medellín,Habilitada,0.00000,20.50000
147,2023-09-27 02:27:00,ITM Medellín,Habilitada,0.00000,20.44444
148,2023-09-27 02:28:00,ITM Medellín,Habilitada,0.00000,20.44444
149,2023-09-27 02:29:01,ITM Medellín,Habilitada,0.00000,20.44444
150,2023-09-27 02:30:00,ITM Medellín,Habilitada,0.00000,20.44444
151,2023-09-27 02:31:01,ITM Medellín,Habilitada,0.00000,20.44444
152,2023-09-27 02:32:00,ITM Medellín,Habilitada,0.00000,20.44444
153,2023-09-27 02:33:00,ITM Medellín,Habilitada,0.00000,20.38889
154,2023-09-27 02:34:00,ITM Medellín,Habilitada,0.00000,20.38889
155,2023-09-27 02:35:00,ITM Medellín,Habilitada,0.00000,20.38889
156,2023-09-27 02:36:00,ITM Medellín,Habilitada,0.00000,20.38889
157,2023-09-27 02:37:00,ITM Medellín,Habilitada,0.00000,20.38889
158,2023-09-27 02:38:01,ITM Medellín,Habilitada,0.00000,20.38889
159,2023-09-27 02:39:00,ITM Medellín,Habilitada,0.00000,20.38889
160,2023-09-27 02:40:00,ITM Medellín,Habilitada,0.00000,20.33333
161,2023-09-27 02:41:00,ITM Medellín,Habilitada,0.00000,20.33333
162,2023-09-27 02:42:00,ITM Medellín,Habilitada,0.00000,20.38889
163,2023-09-27 02:43:00,ITM Medellín,Habilitada,0.00000,20.33333
164,2023-09-27 02:44:00,ITM Medellín,Habilitada,0.00000,20.33333
165,2023-09-27 02:45:00,ITM Medellín,Habilitada,0.00000,20.33333
166,2023-09-27 02:46:00,ITM Medellín,Habilitada,0.00000,20.33333
167,2023-09-27 02:47:01,ITM Medellín,Habilitada,0.00000,20.33333
168,2023-09-27 02:48:00,ITM Medellín,Habilitada,0.00000,20.27778
169,2023-09-27 02:49:00,ITM Medellín,Habilitada,0.00000,20.27778
170,2023-09-27 02:50:00,ITM Medellín,Habilitada,0.00000,20.27778
171,2023-09-27 02:51:00,ITM Medellín,Habilitada,0.00000,20.22222
172,2023-09-27 02:52:00,ITM Medellín,Habilitada,0.00000,20.22222
173,2023-09-27 02:53:00,ITM Medellín,Habilitada,0.00000,20.16667
174,2023-09-27 02:54:01,ITM Medellín,Habilitada,0.00000,20.16667
175,2023-09-27 02:55:00,ITM Medellín,Habilitada,0.00000,20.16667
176,2023-09-27 02:56:01,ITM Medellín,Habilitada,0.00000,20.16667
177,2023-09-27 02:57:00,ITM Medellín,Habilitada,0.00000,20.11111
178,2023-09-27 02:58:00,ITM Medellín,Habilitada,0.00000,20.11111
179,2023-09-27 02:59:00,ITM Medellín,Habilitada,0.00000,20.11111
180,2023-09-27 03:00:00,ITM Medellín,Habilitada,0.00000,20.11111
181,2023-09-27 03:01:00,ITM Medellín,Habilitada,0.00000,20.11111
182,2023-09-27 03:02:00,ITM Medellín,Habilitada,0.00000,20.11111
183,2023-09-27 03:03:01,ITM Medellín,Habilitada,0.00000,20.05556
184,2023-09-27 03:04:00,ITM Medellín,Habilitada,0.00000,20.05556
185,2023-09-27 03:05:00,ITM Medellín,Habilitada,0.00000,20.05556
186,2023-09-27 03:06:00,ITM Medellín,Habilitada,0.00000,20.05556
187,2023-09-27 03:07:00,ITM Medellín,Habilitada,0.00000,20.05556
188,2023-09-27 03:08:00,ITM Medellín,Habilitada,0.00000,20.05556
189,2023-09-27 03:09:00,ITM Medellín,Habilitada,0.00000,20.05556
190,2023-09-27 03:10:00,ITM Medellín,Habilitada,0.00000,20.05556
191,2023-09-27 03:11:00,ITM Medellín,Habilitada,0.00000,20.05556
192,2023-09-27 03:12:01,ITM Medellín,Habilitada,0.00000,20.05556
193,2023-09-27 03:13:00,ITM Medellín,Habilitada,0.00000,20.05556
194,2023-09-27 03:14:00,ITM Medellín,Habilitada,0.00000,20.05556
195,2023-09-27 03:15:00,ITM Medellín,Habilitada,0.00000,20.05556
196,2023-09-27 03:16:00,ITM Medellín,Habilitada,0.00000,20.05556
197,2023-09-27 03:17:00,ITM Medellín,Habilitada,0.00000,20.05556
198,2023-09-27 03:18:00,ITM Medellín,Habilitada,0.00000,20.05556
199,2023-09-27 03:19:01,ITM Medellín,Habilitada,0.00000,20.05556
200,2023-09-27 03:20:00,ITM Medellín,Habilitada,0.00000,20.05556
201,2023-09-27 03:21:01,ITM Medellín,Habilitada,0.00000,20.00000
202,2023-09-27 03:22:00,ITM Medellín,Habilitada,0.00000,20.00000
203,2023-09-27 03:23:00,ITM Medellín,Habilitada,0.00000,19.94444
204,2023-09-27 03:24:00,ITM Medellín,Habilitada,0.00000,19.94444
205,2023-09-27 03:25:00,ITM Medellín,Habilitada,0.00000,20.00000
206,2023-09-27 03:26:00,ITM Medellín,Habilitada,0.00000,20.00000
207,2023-09-27 03:27:00,ITM Medellín,Habilitada,0.00000,20.00000
208,2023-09-27 03:28:01,ITM Medellín,Habilitada,0.00000,20.00000
209,2023-09-27 03:29:00,ITM Medellín,Habilitada,0.00000,20.00000
210,2023-09-27 03:30:00,ITM Medellín,Habilitada,0.00000,20.00000
211,2023-09-27 03:31:00,ITM Medellín,Habilitada,0.00000,20.05556
212,2023-09-27 03:32:00,ITM Medellín,Habilitada,0.00000,20.05556
213,2023-09-27 03:33:11,ITM Medellín,Habilitada,0.00000,20.05556
214,2023-09-27 03:34:00,ITM Medellín,Habilitada,0.00000,20.05556
215,2023-09-27 03:35:10,ITM Medellín,Habilitada,0.00000,20.11111
216,2023-09-27 03:36:00,ITM Medellín,Habilitada,0.00000,20.11111
217,2023-09-27 03:37:00,ITM Medellín,Habilitada,0.00000,20.16667
218,2023-09-27 03:38:00,ITM Medellín,Habilitada,0.00000,20.16667
219,2023-09-27 03:39:01,ITM Medellín,Habilitada,0.00000,20.16667
220,2023-09-27 03:40:00,ITM Medellín,Habilitada,0.00000,20.16667
221,2023-09-27 03:41:01,ITM Medellín,Habilitada,0.00000,20.22222
222,2023-09-27 03:42:00,ITM Medellín,Habilitada,0.00000,20.22222
223,2023-09-27 03:43:00,ITM Medellín,Habilitada,0.00000,20.22222
224,2023-09-27 03:44:00,ITM Medellín,Habilitada,0.00000,20.22222
225,2023-09-27 03:45:00,ITM Medellín,Habilitada,0.00000,20.22222
226,2023-09-27 03:46:00,ITM Medellín,Habilitada,0.00000,20.27778
227,2023-09-27 03:47:00,ITM Medellín,Habilitada,0.00000,20.27778
228,2023-09-27 03:48:01,ITM Medellín,Habilitada,0.00000,20.27778
229,2023-09-27 03:49:00,ITM Medellín,Habilitada,0.00000,20.27778
230,2023-09-27 03:50:00,ITM Medellín,Habilitada,0.00000,20.27778
231,2023-09-27 03:51:00,ITM Medellín,Habilitada,0.00000,20.27778
232,2023-09-27 03:52:00,ITM Medellín,Habilitada,0.00000,20.27778
233,2023-09-27 03:53:00,ITM Medellín,Habilitada,0.00000,20.27778
234,2023-09-27 03:54:01,ITM Medellín,Habilitada,0.00000,20.27778
235,2023-09-27 03:55:00,ITM Medellín,Habilitada,0.00000,20.27778
236,2023-09-27 03:56:00,ITM Medellín,Habilitada,0.00000,20.27778
237,2023-09-27 03:57:01,ITM Medellín,Habilitada,0.00000,20.27778
238,2023-09-27 03:58:00,ITM Medellín,Habilitada,0.00000,20.27778
239,2023-09-27 03:59:00,ITM Medellín,Habilitada,0.00000,20.22222
240,2023-09-27 04:00:00,ITM Medellín,Habilitada,0.00000,20.22222
241,2023-09-27 04:01:00,ITM Medellín,Habilitada,0.00000,20.22222
242,2023-09-27 04:02:00,ITM Medellín,Habilitada,0.00000,20.22222
243,2023-09-27 04:03:01,ITM Medellín,Habilitada,0.00000,20.22222
244,2023-09-27 04:04:00,ITM Medellín,Habilitada,0.00000,20.22222
245,2023-09-27 04:05:00,ITM Medellín,Habilitada,0.00000,20.22222
246,2023-09-27 04:06:00,ITM Medellín,Habilitada,0.00000,20.22222
247,2023-09-27 04:07:00,ITM Medellín,Habilitada,0.00000,20.22222
248,2023-09-27 04:08:00,ITM Medellín,Habilitada,0.00000,20.16667
249,2023-09-27 04:09:00,ITM Medellín,Habilitada,0.00000,20.22222
250,2023-09-27 04:10:00,ITM Medellín,Habilitada,0.00000,20.22222
251,2023-09-27 04:11:00,ITM Medellín,Habilitada,0.00000,20.16667
252,2023-09-27 04:12:01,ITM Medellín,Habilitada,0.00000,20.22222
253,2023-09-27 04:13:00,ITM Medellín,Habilitada,0.00000,20.22222
254,2023-09-27 04:14:00,ITM Medellín,Habilitada,0.00000,20.22222
255,2023-09-27 04:15:00,ITM Medellín,Habilitada,0.00000,20.22222
256,2023-09-27 04:16:00,ITM Medellín,Habilitada,0.00000,20.22222
257,2023-09-27 04:17:00,ITM Medellín,Habilitada,0.00000,20.22222
258,2023-09-27 04:18:00,ITM Medellín,Habilitada,0.00000,20.22222
259,2023-09-27 04:19:01,ITM Medellín,Habilitada,0.00000,20.22222
260,2023-09-27 04:20:00,ITM Medellín,Habilitada,0.00000,20.22222
261,2023-09-27 04:21:01,ITM Medellín,Habilitada,0.00000,20.22222
262,2023-09-27 04:22:00,ITM Medellín,Habilitada,0.00000,20.27778
263,2023-09-27 04:23:00,ITM Medellín,Habilitada,0.00000,20.27778
264,2023-09-27 04:24:00,ITM Medellín,Habilitada,0.00000,20.27778
265,2023-09-27 04:25:00,ITM Medellín,Habilitada,0.00000,20.27778
266,2023-09-27 04:26:00,ITM Medellín,Habilitada,0.00000,20.27778
267,2023-09-27 04:27:00,ITM Medellín,Habilitada,0.00000,20.33333
268,2023-09-27 04:28:01,ITM Medellín,Habilitada,0.00000,20.33333
269,2023-09-27 04:29:00,ITM Medellín,Habilitada,0.00000,20.33333
270,2023-09-27 04:30:00,ITM Medellín,Habilitada,0.00000,20.33333
271,2023-09-27 04:31:00,ITM Medellín,Habilitada,0.00000,20.33333
272,2023-09-27 04:32:00,ITM Medellín,Habilitada,0.00000,20.33333
273,2023-09-27 04:33:00,ITM Medellín,Habilitada,0.00000,20.33333
274,2023-09-27 04:34:00,ITM Medellín,Habilitada,0.00000,20.27778
275,2023-09-27 04:35:11,ITM Medellín,Habilitada,0.00000,20.27778
276,2023-09-27 04:36:01,ITM Medellín,Habilitada,0.00000,20.22222
277,2023-09-27 04:37:00,ITM Medellín,Habilitada,0.00000,20.22222
278,2023-09-27 04:38:00,ITM Medellín,Habilitada,0.00000,20.22222
279,2023-09-27 04:39:00,ITM Medellín,Habilitada,0.00000,20.22222
280,2023-09-27 04:40:00,ITM Medellín,Habilitada,0.00000,20.22222
281,2023-09-27 04:41:00,ITM Medellín,Habilitada,0.00000,20.22222
282,2023-09-27 04:42:00,ITM Medellín,Habilitada,0.00000,20.22222
283,2023-09-27 04:43:01,ITM Medellín,Habilitada,0.00000,20.16667
284,2023-09-27 04:44:00,ITM Medellín,Habilitada,0.00000,20.16667
285,2023-09-27 04:45:00,ITM Medellín,Habilitada,0.00000,20.16667
286,2023-09-27 04:46:00,ITM Medellín,Habilitada,0.00000,20.16667
287,2023-09-27 04:47:00,ITM Medellín,Habilitada,0.00000,20.16667
288,2023-09-27 04:48:11,ITM Medellín,Habilitada,0.00000,20.11111
289,2023-09-27 04:49:00,ITM Medellín,Habilitada,0.00000,20.16667
290,2023-09-27 04:50:00,ITM Medellín,Habilitada,0.00000,20.16667
291,2023-09-27 04:51:01,ITM Medellín,Habilitada,0.00000,20.16667
292,2023-09-27 04:52:00,ITM Medellín,Habilitada,0.00000,20.16667
293,2023-09-27 04:53:00,ITM Medellín,Habilitada,0.00000,20.16667
294,2023-09-27 04:54:00,ITM Medellín,Habilitada,0.00000,20.11111
295,2023-09-27 04:55:00,ITM Medellín,Habilitada,0.00000,20.11111
296,2023-09-27 04:56:00,ITM Medellín,Habilitada,0.00000,20.11111
297,2023-09-27 04:57:00,ITM Medellín,Habilitada,0.00000,20.05556
298,2023-09-27 04:58:01,ITM Medellín,Habilitada,0.00000,20.05556
299,2023-09-27 04:59:00,ITM Medellín,Habilitada,0.00000,20.00000
300,2023-09-27 05:00:00,ITM Medellín,Habilitada,0.00000,20.00000
301,2023-09-27 05:01:00,ITM Medellín,Habilitada,0.00000,20.00000
302,2023-09-27 05:02:00,ITM Medellín,Habilitada,0.00000,20.00000
303,2023-09-27 05:03:00,ITM Medellín,Habilitada,0.00000,20.00000
304,2023-09-27 05:04:01,ITM Medellín,Habilitada,0.00000,20.00000
305,2023-09-27 05:05:00,ITM Medellín,Habilitada,0.00000,20.00000
306,2023-09-27 05:06:00,ITM Medellín,Habilitada,0.00000,20.00000
307,2023-09-27 05:07:00,ITM Medellín,Habilitada,0.00000,20.00000
308,2023-09-27 05:08:00,ITM Medellín,Habilitada,0.00000,20.00000
309,2023-09-27 05:09:00,ITM Medellín,Habilitada,0.00000,20.00000
310,2023-09-27 05:10:00,ITM Medellín,Habilitada,0.00000,20.00000
311,2023-09-27 05:11:00,ITM Medellín,Habilitada,0.00000,20.00000
312,2023-09-27 05:12:00,ITM Medellín,Habilitada,0.00000,20.05556
313,2023-09-27 05:13:01,ITM Medellín,Habilitada,0.00000,20.05556
314,2023-09-27 05:14:10,ITM Medellín,Habilitada,0.00000,20.05556
315,2023-09-27 05:15:00,ITM Medellín,Habilitada,0.00000,20.05556
316,2023-09-27 05:16:00,ITM Medellín,Habilitada,0.00000,20.05556
317,2023-09-27 05:17:00,ITM Medellín,Habilitada,0.00000,20.05556
318,2023-09-27 05:18:00,ITM Medellín,Habilitada,0.00000,20.11111
319,2023-09-27 05:19:01,ITM Medellín,Habilitada,0.00000,20.11111
320,2023-09-27 05:20:00,ITM Medellín,Habilitada,0.00000,20.11111
321,2023-09-27 05:21:01,ITM Medellín,Habilitada,0.00000,20.11111
322,2023-09-27 05:22:00,ITM Medellín,Habilitada,0.00000,20.11111
323,2023-09-27 05:23:00,ITM Medellín,Habilitada,0.00000,20.11111
324,2023-09-27 05:24:00,ITM Medellín,Habilitada,0.00000,20.05556
325,2023-09-27 05:25:00,ITM Medellín,Habilitada,0.00000,20.05556
326,2023-09-27 05:26:00,ITM Medellín,Habilitada,0.00000,20.11111
327,2023-09-27 05:27:00,ITM Medellín,Habilitada,0.00000,20.05556
328,2023-09-27 05:28:01,ITM Medellín,Habilitada,0.00000,20.05556
329,2023-09-27 05:29:00,ITM Medellín,Habilitada,0.00000,20.05556
330,2023-09-27 05:30:00,ITM Medellín,Habilitada,0.00000,20.05556
331,2023-09-27 05:31:00,ITM Medellín,Habilitada,0.00000,20.05556
332,2023-09-27 05:32:00,ITM Medellín,Habilitada,0.00000,20.05556
333,2023-09-27 05:33:00,ITM Medellín,Habilitada,0.00000,20.00000
334,2023-09-27 05:34:00,ITM Medellín,Habilitada,0.00000,20.00000
335,2023-09-27 05:35:00,ITM Medellín,Habilitada,0.00000,20.00000
336,2023-09-27 05:36:00,ITM Medellín,Habilitada,0.00000,19.94444
337,2023-09-27 05:37:00,ITM Medellín,Habilitada,0.00000,19.94444
338,2023-09-27 05:38:01,ITM Medellín,Habilitada,0.00000,19.94444
339,2023-09-27 05:39:00,ITM Medellín,Habilitada,0.00000,19.88889
340,2023-09-27 05:40:00,ITM Medellín,Habilitada,0.00000,19.88889
341,2023-09-27 05:41:00,ITM Medellín,Habilitada,0.00000,19.88889
342,2023-09-27 05:42:00,ITM Medellín,Habilitada,0.00000,19.83333
343,2023-09-27 05:43:00,ITM Medellín,Habilitada,0.00000,19.83333
344,2023-09-27 05:44:00,ITM Medellín,Habilitada,0.00000,19.83333
345,2023-09-27 05:45:00,ITM Medellín,Habilitada,0.00000,19.83333
346,2023-09-27 05:46:00,ITM Medellín,Habilitada,0.00000,19.77778
347,2023-09-27 05:47:01,ITM Medellín,Habilitada,0.00000,19.77778
348,2023-09-27 05:48:00,ITM Medellín,Habilitada,0.00000,19.77778
349,2023-09-27 05:49:00,ITM Medellín,Habilitada,0.00000,19.77778
350,2023-09-27 05:50:00,ITM Medellín,Habilitada,0.00000,19.72222
351,2023-09-27 05:51:00,ITM Medellín,Habilitada,0.00000,19.72222
352,2023-09-27 05:52:00,ITM Medellín,Habilitada,0.00000,19.72222
353,2023-09-27 05:53:00,ITM Medellín,Habilitada,0.00000,19.72222
354,2023-09-27 05:54:01,ITM Medellín,Habilitada,0.00000,19.66667
355,2023-09-27 05:55:00,ITM Medellín,Habilitada,0.00000,19.66667
356,2023-09-27 05:56:01,ITM Medellín,Habilitada,0.00000,19.66667
357,2023-09-27 05:57:00,ITM Medellín,Habilitada,0.00000,19.66667
358,2023-09-27 05:58:00,ITM Medellín,Habilitada,0.00000,19.66667
359,2023-09-27 05:59:00,ITM Medellín,Habilitada,0.00000,19.66667
360,2023-09-27 06:00:00,ITM Medellín,Habilitada,0.00000,19.66667
361,2023-09-27 06:01:00,ITM Medellín,Habilitada,0.00000,19.66667
362,2023-09-27 06:02:00,ITM Medellín,Habilitada,0.00000,19.66667
363,2023-09-27 06:03:01,ITM Medellín,Habilitada,0.00000,19.66667
364,2023-09-27 06:04:00,ITM Medellín,Habilitada,0.00000,19.66667
365,2023-09-27 06:05:00,ITM Medellín,Habilitada,0.00000,19.66667
366,2023-09-27 06:06:00,ITM Medellín,Habilitada,0.00000,19.72222
367,2023-09-27 06:07:00,ITM Medellín,Habilitada,0.00000,19.72222
368,2023-09-27 06:08:00,ITM Medellín,Habilitada,0.00000,19.72222
369,2023-09-27 06:09:00,ITM Medellín,Habilitada,0.00000,19.66667
370,2023-09-27 06:10:00,ITM Medellín,Habilitada,0.00000,19.66667
371,2023-09-27 06:11:00,ITM Medellín,Habilitada,0.00000,19.66667
372,2023-09-27 06:12:01,ITM Medellín,Habilitada,0.00000,19.66667
373,2023-09-27 06:13:00,ITM Medellín,Habilitada,0.00000,19.72222
374,2023-09-27 06:14:00,ITM Medellín,Habilitada,0.00000,19.72222
375,2023-09-27 06:15:00,ITM Medellín,Habilitada,0.00000,19.72222
376,2023-09-27 06:16:00,ITM Medellín,Habilitada,0.00000,19.72222
377,2023-09-27 06:17:00,ITM Medellín,Habilitada,0.00000,19.72222
378,2023-09-27 06:18:00,ITM Medellín,Habilitada,0.00000,19.72222
379,2023-09-27 06:19:01,ITM Medellín,Habilitada,0.00000,19.72222
380,2023-09-27 06:20:00,ITM Medellín,Habilitada,0.00000,19.77778
381,2023-09-27 06:21:01,ITM Medellín,Habilitada,0.00000,19.77778
382,2023-09-27 06:22:00,ITM Medellín,Habilitada,0.00000,19.77778
383,2023-09-27 06:23:00,ITM Medellín,Habilitada,0.00000,19.72222
384,2023-09-27 06:24:00,ITM Medellín,Habilitada,0.00000,19.77778
385,2023-09-27 06:25:00,ITM Medellín,Habilitada,0.00000,19.77778
386,2023-09-27 06:26:00,ITM Medellín,Habilitada,0.00000,19.77778
387,2023-09-27 06:27:00,ITM Medellín,Habilitada,0.00000,19.83333
388,2023-09-27 06:28:01,ITM Medellín,Habilitada,0.00000,19.83333
389,2023-09-27 06:29:00,ITM Medellín,Habilitada,0.00000,19.83333
390,2023-09-27 06:30:00,ITM Medellín,Habilitada,0.00000,19.83333
391,2023-09-27 06:31:00,ITM Medellín,Habilitada,0.00000,19.77778
392,2023-09-27 06:32:00,ITM Medellín,Habilitada,0.00000,19.77778
393,2023-09-27 06:33:00,ITM Medellín,Habilitada,0.00000,19.72222
394,2023-09-27 06:34:00,ITM Medellín,Habilitada,0.00000,19.77778
395,2023-09-27 06:35:00,ITM Medellín,Habilitada,0.00000,19.77778
396,2023-09-27 06:36:00,ITM Medellín,Habilitada,0.00000,19.77778
397,2023-09-27 06:37:01,ITM Medellín,Habilitada,0.00000,19.72222
398,2023-09-27 06:38:00,ITM Medellín,Habilitada,0.00000,19.72222
399,2023-09-27 06:39:00,ITM Medellín,Habilitada,0.00000,19.72222
400,2023-09-27 06:40:00,ITM Medellín,Habilitada,0.00000,19.77778
401,2023-09-27 06:41:00,ITM Medellín,Habilitada,0.00000,19.72222
402,2023-09-27 06:42:00,ITM Medellín,Habilitada,0.00000,19.77778
403,2023-09-27 06:43:00,ITM Medellín,Habilitada,0.00000,19.77778
404,2023-09-27 06:44:01,ITM Medellín,Habilitada,0.00000,19.77778
405,2023-09-27 06:45:00,ITM Medellín,Habilitada,0.00000,19.77778
406,2023-09-27 06:46:01,ITM Medellín,Habilitada,0.00000,19.83333
407,2023-09-27 06:47:00,ITM Medellín,Habilitada,0.00000,19.83333
408,2023-09-27 06:48:00,ITM Medellín,Habilitada,0.00000,19.83333
409,2023-09-27 06:49:00,ITM Medellín,Habilitada,0.00000,19.83333
410,2023-09-27 06:50:00,ITM Medellín,Habilitada,0.00000,19.88889
411,2023-09-27 06:51:00,ITM Medellín,Habilitada,0.00000,19.88889
412,2023-09-27 06:52:00,ITM Medellín,Habilitada,0.00000,19.94444
413,2023-09-27 06:53:01,ITM Medellín,Habilitada,0.00000,19.94444
414,2023-09-27 06:54:00,ITM Medellín,Habilitada,0.00000,20.00000
415,2023-09-27 06:55:00,ITM Medellín,Habilitada,0.00000,20.00000
416,2023-09-27 06:56:00,ITM Medellín,Habilitada,0.00000,20.05556
417,2023-09-27 06:57:00,ITM Medellín,Habilitada,0.00000,20.05556
418,2023-09-27 06:58:00,ITM Medellín,Habilitada,0.00000,20.11111
419,2023-09-27 06:59:00,ITM Medellín,Habilitada,0.00000,20.16667
420,2023-09-27 07:00:00,ITM Medellín,Habilitada,0.00000,20.16667
421,2023-09-27 07:01:00,ITM Medellín,Habilitada,0.00000,20.22222
422,2023-09-27 07:02:01,ITM Medellín,Habilitada,0.00000,20.22222
423,2023-09-27 07:03:00,ITM Medellín,Habilitada,0.00000,20.22222
424,2023-09-27 07:04:00,ITM Medellín,Habilitada,0.00000,20.27778
425,2023-09-27 07:05:00,ITM Medellín,Habilitada,0.00000,20.27778
426,2023-09-27 07:06:00,ITM Medellín,Habilitada,0.00000,20.33333
427,2023-09-27 07:07:00,ITM Medellín,Habilitada,0.00000,20.33333
428,2023-09-27 07:08:00,ITM Medellín,Habilitada,0.00000,20.38889
429,2023-09-27 07:09:01,ITM Medellín,Habilitada,0.00000,20.38889
430,2023-09-27 07:10:00,ITM Medellín,Habilitada,0.00000,20.44444
431,2023-09-27 07:11:01,ITM Medellín,Habilitada,0.00000,20.44444
432,2023-09-27 07:12:00,ITM Medellín,Habilitada,0.00000,20.50000
433,2023-09-27 07:13:00,ITM Medellín,Habilitada,0.00000,20.50000
434,2023-09-27 07:14:00,ITM Medellín,Habilitada,0.00000,20.50000
435,2023-09-27 07:15:00,ITM Medellín,Habilitada,0.00000,20.50000
436,2023-09-27 07:16:00,ITM Medellín,Habilitada,0.00000,20.50000
437,2023-09-27 07:17:00,ITM Medellín,Habilitada,0.00000,20.55556
438,2023-09-27 07:18:00,ITM Medellín,Habilitada,0.00000,20.55556
439,2023-09-27 07:19:00,ITM Medellín,Habilitada,0.00000,20.55556
440,2023-09-27 07:20:00,ITM Medellín,Habilitada,0.00000,20.55556
441,2023-09-27 07:21:00,ITM Medellín,Habilitada,0.00000,20.61111
442,2023-09-27 07:22:00,ITM Medellín,Habilitada,0.00000,20.61111
443,2023-09-27 07:23:00,ITM Medellín,Habilitada,0.00000,20.66667
444,2023-09-27 07:24:01,ITM Medellín,Habilitada,0.00000,20.66667
445,2023-09-27 07:25:00,ITM Medellín,Habilitada,0.00000,20.72222
446,2023-09-27 07:26:00,ITM Medellín,Habilitada,0.00000,20.77778
447,2023-09-27 07:27:00,ITM Medellín,Habilitada,0.00000,20.77778
448,2023-09-27 07:28:00,ITM Medellín,Habilitada,0.00000,20.77778
449,2023-09-27 07:29:00,ITM Medellín,Habilitada,0.00000,20.83333
450,2023-09-27 07:30:00,ITM Medellín,Habilitada,0.00000,20.88889
451,2023-09-27 07:31:00,ITM Medellín,Habilitada,0.00000,20.88889
452,2023-09-27 07:32:01,ITM Medellín,Habilitada,0.00000,20.94444
453,2023-09-27 07:33:00,ITM Medellín,Habilitada,0.00000,20.94444
454,2023-09-27 07:34:00,ITM Medellín,Habilitada,0.00000,20.94444
455,2023-09-27 07:35:00,ITM Medellín,Habilitada,0.00000,20.94444
456,2023-09-27 07:36:00,ITM Medellín,Habilitada,0.00000,20.94444
457,2023-09-27 07:37:00,ITM Medellín,Habilitada,0.00000,21.00000
458,2023-09-27 07:38:00,ITM Medellín,Habilitada,0.00000,21.00000
459,2023-09-27 07:39:01,ITM Medellín,Habilitada,0.00000,21.00000
460,2023-09-27 07:40:00,ITM Medellín,Habilitada,0.00000,21.05556
461,2023-09-27 07:41:01,ITM Medellín,Habilitada,0.00000,21.05556
462,2023-09-27 07:42:00,ITM Medellín,Habilitada,0.00000,21.05556
463,2023-09-27 07:43:00,ITM Medellín,Habilitada,0.00000,21.05556
464,2023-09-27 07:44:00,ITM Medellín,Habilitada,0.00000,21.00000
465,2023-09-27 07:45:11,ITM Medellín,Habilitada,0.00000,20.94444
466,2023-09-27 07:46:00,ITM Medellín,Habilitada,0.00000,20.88889
467,2023-09-27 07:47:01,ITM Medellín,Habilitada,0.00000,20.88889
468,2023-09-27 07:48:00,ITM Medellín,Habilitada,0.00000,20.83333
469,2023-09-27 07:49:00,ITM Medellín,Habilitada,0.00000,20.77778
470,2023-09-27 07:50:00,ITM Medellín,Habilitada,0.00000,20.72222
471,2023-09-27 07:51:00,ITM Medellín,Habilitada,0.00000,20.66667
472,2023-09-27 07:52:00,ITM Medellín,Habilitada,0.00000,20.61111
473,2023-09-27 07:53:12,ITM Medellín,Habilitada,0.00000,20.66667
474,2023-09-27 07:54:00,ITM Medellín,Habilitada,0.00000,20.66667
475,2023-09-27 07:55:00,ITM Medellín,Habilitada,0.00000,20.66667
476,2023-09-27 07:56:00,ITM Medellín,Habilitada,0.00000,20.72222
477,2023-09-27 07:57:00,ITM Medellín,Habilitada,0.00000,20.72222
478,2023-09-27 07:58:00,ITM Medellín,Habilitada,0.00000,20.77778
479,2023-09-27 07:59:01,ITM Medellín,Habilitada,0.00000,20.83333
480,2023-09-27 08:00:00,ITM Medellín,Habilitada,0.00000,20.88889
481,2023-09-27 08:01:11,ITM Medellín,Habilitada,0.00000,20.94444
482,2023-09-27 08:02:00,ITM Medellín,Habilitada,0.00000,21.00000
483,2023-09-27 08:03:00,ITM Medellín,Habilitada,0.00000,21.05556
484,2023-09-27 08:04:00,ITM Medellín,Habilitada,0.00000,21.11111
485,2023-09-27 08:05:00,ITM Medellín,Habilitada,0.00000,21.16667
486,2023-09-27 08:06:00,ITM Medellín,Habilitada,0.00000,21.27778
487,2023-09-27 08:07:01,ITM Medellín,Habilitada,0.00000,21.33333
488,2023-09-27 08:08:00,ITM Medellín,Habilitada,0.00000,21.44444
489,2023-09-27 08:09:00,ITM Medellín,Habilitada,0.00000,21.55556
490,2023-09-27 08:10:00,ITM Medellín,Habilitada,0.00000,21.61111
491,2023-09-27 08:11:00,ITM Medellín,Habilitada,0.00000,21.72222
492,2023-09-27 08:12:00,ITM Medellín,Habilitada,0.00000,21.83333
493,2023-09-27 08:13:00,ITM Medellín,Habilitada,0.00000,21.94444
494,2023-09-27 08:14:01,ITM Medellín,Habilitada,0.00000,22.00000
495,2023-09-27 08:15:00,ITM Medellín,Habilitada,0.00000,22.05556
496,2023-09-27 08:16:01,ITM Medellín,Habilitada,0.00000,22.11111
497,2023-09-27 08:17:00,ITM Medellín,Habilitada,0.00000,22.11111
498,2023-09-27 08:18:00,ITM Medellín,Habilitada,0.00000,22.16667
499,2023-09-27 08:19:00,ITM Medellín,Habilitada,0.00000,22.16667
500,2023-09-27 08:20:00,ITM Medellín,Habilitada,0.00000,22.16667
501,2023-09-27 08:21:00,ITM Medellín,Habilitada,0.00000,22.22222
502,2023-09-27 08:22:00,ITM Medellín,Habilitada,0.00000,22.22222
503,2023-09-27 08:23:01,ITM Medellín,Habilitada,0.00000,22.33333
504,2023-09-27 08:24:00,ITM Medellín,Habilitada,0.00000,22.38889
505,2023-09-27 08:25:00,ITM Medellín,Habilitada,0.00000,22.44444
506,2023-09-27 08:26:00,ITM Medellín,Habilitada,0.00000,22.50000
507,2023-09-27 08:27:00,ITM Medellín,Habilitada,0.00000,22.50000
508,2023-09-27 08:28:00,ITM Medellín,Habilitada,0.00000,22.50000
509,2023-09-27 08:29:00,ITM Medellín,Habilitada,0.00000,22.50000
510,2023-09-27 08:30:00,ITM Medellín,Habilitada,0.00000,22.50000
511,2023-09-27 08:31:00,ITM Medellín,Habilitada,0.00000,22.44444
512,2023-09-27 08:32:01,ITM Medellín,Habilitada,0.00000,22.44444
513,2023-09-27 08:33:00,ITM Medellín,Habilitada,0.00000,22.38889
514,2023-09-27 08:34:00,ITM Medellín,Habilitada,0.00000,22.38889
515,2023-09-27 08:35:00,ITM Medellín,Habilitada,0.00000,22.38889
516,2023-09-27 08:36:00,ITM Medellín,Habilitada,0.00000,22.38889
517,2023-09-27 08:37:00,ITM Medellín,Habilitada,0.00000,22.38889
518,2023-09-27 08:38:00,ITM Medellín,Habilitada,0.00000,22.44444
519,2023-09-27 08:39:01,ITM Medellín,Habilitada,0.00000,22.44444
520,2023-09-27 08:40:00,ITM Medellín,Habilitada,0.00000,22.50000
521,2023-09-27 08:41:00,ITM Medellín,Habilitada,0.00000,22.55556
522,2023-09-27 08:42:00,ITM Medellín,Habilitada,0.00000,22.61111
523,2023-09-27 08:43:00,ITM Medellín,Habilitada,0.00000,22.61111
524,2023-09-27 08:44:00,ITM Medellín,Habilitada,0.00000,22.66667
525,2023-09-27 08:45:00,ITM Medellín,Habilitada,0.00000,22.66667
526,2023-09-27 08:46:00,ITM Medellín,Habilitada,0.00000,22.72222
527,2023-09-27 08:47:01,ITM Medellín,Habilitada,0.00000,22.77778
528,2023-09-27 08:48:00,ITM Medellín,Habilitada,0.00000,22.83333
529,2023-09-27 08:49:00,ITM Medellín,Habilitada,0.00000,22.88889
530,2023-09-27 08:50:00,ITM Medellín,Habilitada,0.00000,22.94444
531,2023-09-27 08:51:00,ITM Medellín,Habilitada,0.00000,23.05556
532,2023-09-27 08:52:00,ITM Medellín,Habilitada,0.00000,23.11111
533,2023-09-27 08:53:00,ITM Medellín,Habilitada,0.00000,23.05556
534,2023-09-27 08:54:01,ITM Medellín,Habilitada,0.00000,23.05556
535,2023-09-27 08:55:00,ITM Medellín,Habilitada,0.00000,23.00000
536,2023-09-27 08:56:01,ITM Medellín,Habilitada,0.00000,22.94444
537,2023-09-27 08:57:00,ITM Medellín,Habilitada,0.00000,22.94444
538,2023-09-27 08:58:00,ITM Medellín,Habilitada,0.00000,22.88889
539,2023-09-27 08:59:00,ITM Medellín,Habilitada,0.00000,22.88889
540,2023-09-27 09:00:00,ITM Medellín,Habilitada,0.00000,22.83333
541,2023-09-27 09:01:00,ITM Medellín,Habilitada,0.00000,22.83333
542,2023-09-27 09:02:00,ITM Medellín,Habilitada,0.00000,22.83333
543,2023-09-27 09:03:01,ITM Medellín,Habilitada,0.00000,22.88889
544,2023-09-27 09:04:00,ITM Medellín,Habilitada,0.00000,22.88889
545,2023-09-27 09:05:00,ITM Medellín,Habilitada,0.00000,22.94444
546,2023-09-27 09:06:00,ITM Medellín,Habilitada,0.00000,23.00000
547,2023-09-27 09:07:00,ITM Medellín,Habilitada,0.00000,23.05556
548,2023-09-27 09:08:00,ITM Medellín,Habilitada,0.00000,23.16667
549,2023-09-27 09:09:00,ITM Medellín,Habilitada,0.00000,23.22222
550,2023-09-27 09:10:00,ITM Medellín,Habilitada,0.00000,23.27778
551,2023-09-27 09:11:00,ITM Medellín,Habilitada,0.00000,23.33333
552,2023-09-27 09:12:01,ITM Medellín,Habilitada,0.00000,23.33333
553,2023-09-27 09:13:00,ITM Medellín,Habilitada,0.00000,23.44444
554,2023-09-27 09:14:00,ITM Medellín,Habilitada,0.00000,23.44444
555,2023-09-27 09:15:00,ITM Medellín,Habilitada,0.00000,23.33333
556,2023-09-27 09:16:00,ITM Medellín,Habilitada,0.00000,23.33333
557,2023-09-27 09:17:00,ITM Medellín,Habilitada,0.00000,23.27778
558,2023-09-27 09:18:00,ITM Medellín,Habilitada,0.00000,23.22222
559,2023-09-27 09:19:01,ITM Medellín,Habilitada,0.00000,23.27778
560,2023-09-27 09:20:00,ITM Medellín,Habilitada,0.00000,23.33333
561,2023-09-27 09:21:00,ITM Medellín,Habilitada,0.00000,23.38889
562,2023-09-27 09:22:00,ITM Medellín,Habilitada,0.00000,23.44444
563,2023-09-27 09:23:00,ITM Medellín,Habilitada,0.00000,23.50000
564,2023-09-27 09:24:00,ITM Medellín,Habilitada,0.00000,23.50000
565,2023-09-27 09:25:00,ITM Medellín,Habilitada,0.00000,23.44444
566,2023-09-27 09:26:00,ITM Medellín,Habilitada,0.00000,23.38889
567,2023-09-27 09:27:01,ITM Medellín,Habilitada,0.00000,23.33333
568,2023-09-27 09:28:00,ITM Medellín,Habilitada,0.00000,23.27778
569,2023-09-27 09:29:00,ITM Medellín,Habilitada,0.00000,23.27778
570,2023-09-27 09:30:00,ITM Medellín,Habilitada,0.00000,23.22222
571,2023-09-27 09:31:00,ITM Medellín,Habilitada,0.00000,23.16667
572,2023-09-27 09:32:00,ITM Medellín,Habilitada,0.00000,23.16667
573,2023-09-27 09:33:01,ITM Medellín,Habilitada,0.00000,23.11111
574,2023-09-27 09:34:10,ITM Medellín,Habilitada,0.00000,23.05556
575,2023-09-27 09:35:00,ITM Medellín,Habilitada,0.00000,23.05556
576,2023-09-27 09:36:00,ITM Medellín,Habilitada,0.00000,23.00000
577,2023-09-27 09:37:00,ITM Medellín,Habilitada,0.00000,23.00000
578,2023-09-27 09:38:01,ITM Medellín,Habilitada,0.00000,23.00000
579,2023-09-27 09:39:00,ITM Medellín,Habilitada,0.00000,23.05556
580,2023-09-27 09:40:00,ITM Medellín,Habilitada,0.00000,23.05556
581,2023-09-27 09:41:00,ITM Medellín,Habilitada,0.00000,23.11111
582,2023-09-27 09:42:00,ITM Medellín,Habilitada,0.00000,23.16667
583,2023-09-27 09:43:00,ITM Medellín,Habilitada,0.00000,23.22222
584,2023-09-27 09:44:00,ITM Medellín,Habilitada,0.00000,23.27778
585,2023-09-27 09:45:00,ITM Medellín,Habilitada,0.00000,23.38889
586,2023-09-27 09:46:01,ITM Medellín,Habilitada,0.00000,23.50000
587,2023-09-27 09:47:00,ITM Medellín,Habilitada,0.00000,23.55556
588,2023-09-27 09:48:00,ITM Medellín,Habilitada,0.00000,23.66667
589,2023-09-27 09:49:00,ITM Medellín,Habilitada,0.00000,23.83333
590,2023-09-27 09:50:00,ITM Medellín,Habilitada,0.00000,23.94444
591,2023-09-27 09:51:00,ITM Medellín,Habilitada,0.00000,24.00000
592,2023-09-27 09:52:00,ITM Medellín,Habilitada,0.00000,24.16667
593,2023-09-27 09:53:01,ITM Medellín,Habilitada,0.00000,24.27778
594,2023-09-27 09:54:00,ITM Medellín,Habilitada,0.00000,24.27778
595,2023-09-27 09:55:00,ITM Medellín,Habilitada,0.00000,24.27778
596,2023-09-27 09:56:00,ITM Medellín,Habilitada,0.00000,24.33333
597,2023-09-27 09:57:00,ITM Medellín,Habilitada,0.00000,24.33333
598,2023-09-27 09:58:00,ITM Medellín,Habilitada,0.00000,24.33333
599,2023-09-27 09:59:00,ITM Medellín,Habilitada,0.00000,24.33333
600,2023-09-27 10:00:00,ITM Medellín,Habilitada,0.00000,24.33333
601,2023-09-27 10:01:00,ITM Medellín,Habilitada,0.00000,24.38889
602,2023-09-27 10:02:01,ITM Medellín,Habilitada,0.00000,24.38889
603,2023-09-27 10:03:00,ITM Medellín,Habilitada,0.00000,24.38889
604,2023-09-27 10:04:00,ITM Medellín,Habilitada,0.00000,24.33333
605,2023-09-27 10:05:00,ITM Medellín,Habilitada,0.00000,24.33333
606,2023-09-27 10:06:00,ITM Medellín,Habilitada,0.00000,24.27778
607,2023-09-27 10:07:00,ITM Medellín,Habilitada,0.00000,24.27778
608,2023-09-27 10:08:00,ITM Medellín,Habilitada,0.00000,24.27778
609,2023-09-27 10:09:01,ITM Medellín,Habilitada,0.00000,24.27778
610,2023-09-27 10:10:00,ITM Medellín,Habilitada,0.00000,24.27778
611,2023-09-27 10:11:01,ITM Medellín,Habilitada,0.00000,24.33333
612,2023-09-27 10:12:00,ITM Medellín,Habilitada,0.00000,24.33333
613,2023-09-27 10:13:00,ITM Medellín,Habilitada,0.00000,24.22222
614,2023-09-27 10:14:00,ITM Medellín,Habilitada,0.00000,24.11111
615,2023-09-27 10:15:00,ITM Medellín,Habilitada,0.00000,24.11111
616,2023-09-27 10:16:10,ITM Medellín,Habilitada,0.00000,24.05556
617,2023-09-27 10:17:01,ITM Medellín,Habilitada,0.00000,24.05556
618,2023-09-27 10:18:00,ITM Medellín,Habilitada,0.00000,24.11111
619,2023-09-27 10:19:00,ITM Medellín,Habilitada,0.00000,24.16667
620,2023-09-27 10:20:00,ITM Medellín,Habilitada,0.00000,24.27778
621,2023-09-27 10:21:00,ITM Medellín,Habilitada,0.00000,24.33333
622,2023-09-27 10:22:00,ITM Medellín,Habilitada,0.00000,24.50000
623,2023-09-27 10:23:00,ITM Medellín,Habilitada,0.00000,24.55556
624,2023-09-27 10:24:01,ITM Medellín,Habilitada,0.00000,24.61111
625,2023-09-27 10:25:00,ITM Medellín,Habilitada,0.00000,24.55556
626,2023-09-27 10:26:01,ITM Medellín,Habilitada,0.00000,24.44444
627,2023-09-27 10:27:00,ITM Medellín,Habilitada,0.00000,24.33333
628,2023-09-27 10:28:00,ITM Medellín,Habilitada,0.00000,24.33333
629,2023-09-27 10:29:00,ITM Medellín,Habilitada,0.00000,24.38889
630,2023-09-27 10:30:00,ITM Medellín,Habilitada,0.00000,24.44444
631,2023-09-27 10:31:00,ITM Medellín,Habilitada,0.00000,24.44444
632,2023-09-27 10:32:01,ITM Medellín,Habilitada,0.00000,24.44444
633,2023-09-27 10:33:00,ITM Medellín,Habilitada,0.00000,24.44444
634,2023-09-27 10:34:00,ITM Medellín,Habilitada,0.00000,24.50000
635,2023-09-27 10:35:00,ITM Medellín,Habilitada,0.00000,24.44444
636,2023-09-27 10:36:00,ITM Medellín,Habilitada,0.00000,24.33333
637,2023-09-27 10:37:00,ITM Medellín,Habilitada,0.00000,24.27778
638,2023-09-27 10:38:00,ITM Medellín,Habilitada,0.00000,24.27778
639,2023-09-27 10:39:00,ITM Medellín,Habilitada,0.00000,24.22222
640,2023-09-27 10:40:00,ITM Medellín,Habilitada,0.00000,24.16667
641,2023-09-27 10:41:01,ITM Medellín,Habilitada,0.00000,24.16667
642,2023-09-27 10:42:01,ITM Medellín,Habilitada,0.00000,24.16667
643,2023-09-27 10:43:00,ITM Medellín,Habilitada,0.00000,24.11111
644,2023-09-27 10:44:00,ITM Medellín,Habilitada,0.00000,24.11111
645,2023-09-27 10:45:00,ITM Medellín,Habilitada,0.00000,24.05556
646,2023-09-27 10:46:00,ITM Medellín,Habilitada,0.00000,24.00000
647,2023-09-27 10:47:00,ITM Medellín,Habilitada,0.00000,24.00000
648,2023-09-27 10:48:01,ITM Medellín,Habilitada,0.00000,24.00000
649,2023-09-27 10:49:00,ITM Medellín,Habilitada,0.00000,24.05556
650,2023-09-27 10:50:00,ITM Medellín,Habilitada,0.00000,24.16667
651,2023-09-27 10:51:00,ITM Medellín,Habilitada,0.00000,24.27778
652,2023-09-27 10:52:00,ITM Medellín,Habilitada,0.00000,24.33333
653,2023-09-27 10:53:00,ITM Medellín,Habilitada,0.00000,24.44444
654,2023-09-27 10:54:00,ITM Medellín,Habilitada,0.00000,24.50000
655,2023-09-27 10:55:00,ITM Medellín,Habilitada,0.00000,24.50000
656,2023-09-27 10:56:00,ITM Medellín,Habilitada,0.00000,24.44444
657,2023-09-27 10:57:01,ITM Medellín,Habilitada,0.00000,24.38889
658,2023-09-27 10:58:00,ITM Medellín,Habilitada,0.00000,24.38889
659,2023-09-27 10:59:00,ITM Medellín,Habilitada,0.00000,24.33333
660,2023-09-27 11:00:00,ITM Medellín,Habilitada,0.00000,24.38889
661,2023-09-27 11:01:00,ITM Medellín,Habilitada,0.00000,24.38889
662,2023-09-27 11:02:00,ITM Medellín,Habilitada,0.00000,24.38889
663,2023-09-27 11:03:00,ITM Medellín,Habilitada,0.00000,24.38889
664,2023-09-27 11:04:01,ITM Medellín,Habilitada,0.00000,24.44444
665,2023-09-27 11:05:00,ITM Medellín,Habilitada,0.00000,24.50000
666,2023-09-27 11:06:01,ITM Medellín,Habilitada,0.00000,24.50000
667,2023-09-27 11:07:10,ITM Medellín,Habilitada,0.00000,24.50000
668,2023-09-27 11:08:00,ITM Medellín,Habilitada,0.00000,24.55556
669,2023-09-27 11:09:00,ITM Medellín,Habilitada,0.00000,24.61111
670,2023-09-27 11:10:00,ITM Medellín,Habilitada,0.00000,24.66667
671,2023-09-27 11:11:01,ITM Medellín,Habilitada,0.00000,24.72222
672,2023-09-27 11:12:00,ITM Medellín,Habilitada,0.00000,24.77778
673,2023-09-27 11:13:00,ITM Medellín,Habilitada,0.00000,24.83333
674,2023-09-27 11:14:00,ITM Medellín,Habilitada,0.00000,24.88889
675,2023-09-27 11:15:00,ITM Medellín,Habilitada,0.00000,24.94444
676,2023-09-27 11:16:00,ITM Medellín,Habilitada,0.00000,24.83333
677,2023-09-27 11:17:00,ITM Medellín,Habilitada,0.00000,24.77778
678,2023-09-27 11:18:01,ITM Medellín,Habilitada,0.00000,24.83333
679,2023-09-27 11:19:00,ITM Medellín,Habilitada,0.00000,24.83333
680,2023-09-27 11:20:00,ITM Medellín,Habilitada,0.00000,24.83333
681,2023-09-27 11:21:00,ITM Medellín,Habilitada,0.00000,24.83333
682,2023-09-27 11:22:00,ITM Medellín,Habilitada,0.00000,24.88889
683,2023-09-27 11:23:00,ITM Medellín,Habilitada,0.00000,24.88889
684,2023-09-27 11:24:00,ITM Medellín,Habilitada,0.00000,24.88889
685,2023-09-27 11:25:00,ITM Medellín,Habilitada,0.00000,24.83333
686,2023-09-27 11:26:00,ITM Medellín,Habilitada,0.00000,24.77778
687,2023-09-27 11:27:01,ITM Medellín,Habilitada,0.00000,24.77778
688,2023-09-27 11:28:00,ITM Medellín,Habilitada,0.00000,24.83333
689,2023-09-27 11:29:00,ITM Medellín,Habilitada,0.00000,24.83333
690,2023-09-27 11:30:00,ITM Medellín,Habilitada,0.00000,24.77778
691,2023-09-27 11:31:00,ITM Medellín,Habilitada,0.00000,24.72222
692,2023-09-27 11:32:00,ITM Medellín,Habilitada,0.00000,24.66667
693,2023-09-27 11:33:01,ITM Medellín,Habilitada,0.00000,24.66667
694,2023-09-27 11:34:00,ITM Medellín,Habilitada,0.00000,24.72222
695,2023-09-27 11:35:00,ITM Medellín,Habilitada,0.00000,24.77778
696,2023-09-27 11:36:01,ITM Medellín,Habilitada,0.00000,24.77778
697,2023-09-27 11:37:00,ITM Medellín,Habilitada,0.00000,24.72222
698,2023-09-27 11:38:00,ITM Medellín,Habilitada,0.00000,24.66667
699,2023-09-27 11:39:00,ITM Medellín,Habilitada,0.00000,24.66667
700,2023-09-27 11:40:00,ITM Medellín,Habilitada,0.00000,24.66667
701,2023-09-27 11:41:00,ITM Medellín,Habilitada,0.00000,24.66667
702,2023-09-27 11:42:01,ITM Medellín,Habilitada,0.00000,24.61111
703,2023-09-27 11:43:00,ITM Medellín,Habilitada,0.00000,24.61111
704,2023-09-27 11:44:00,ITM Medellín,Habilitada,0.00000,24.61111
705,2023-09-27 11:45:10,ITM Medellín,Habilitada,0.00000,24.55556
706,2023-09-27 11:46:00,ITM Medellín,Habilitada,0.00000,24.55556
707,2023-09-27 11:47:00,ITM Medellín,Habilitada,0.00000,24.55556
708,2023-09-27 11:48:01,ITM Medellín,Habilitada,0.00000,24.55556
709,2023-09-27 11:49:00,ITM Medellín,Habilitada,0.00000,24.61111
710,2023-09-27 11:50:00,ITM Medellín,Habilitada,0.00000,24.55556
711,2023-09-27 11:51:00,ITM Medellín,Habilitada,0.00000,24.55556
712,2023-09-27 11:52:00,ITM Medellín,Habilitada,0.00000,24.55556
713,2023-09-27 11:53:00,ITM Medellín,Habilitada,0.00000,24.55556
714,2023-09-27 11:54:00,ITM Medellín,Habilitada,0.00000,24.55556
715,2023-09-27 11:55:00,ITM Medellín,Habilitada,0.00000,24.55556
716,2023-09-27 11:56:00,ITM Medellín,Habilitada,0.00000,24.55556
717,2023-09-27 11:57:01,ITM Medellín,Habilitada,0.00000,24.61111
718,2023-09-27 11:58:00,ITM Medellín,Habilitada,0.00000,24.72222
719,2023-09-27 11:59:00,ITM Medellín,Habilitada,0.00000,24.83333
720,2023-09-27 12:00:00,ITM Medellín,Habilitada,0.00000,24.94444
721,2023-09-27 12:01:00,ITM Medellín,Habilitada,0.00000,25.05556
722,2023-09-27 12:02:00,ITM Medellín,Habilitada,0.00000,25.16667
723,2023-09-27 12:03:00,ITM Medellín,Habilitada,0.00000,25.22222
724,2023-09-27 12:04:01,ITM Medellín,Habilitada,0.00000,25.33333
725,2023-09-27 12:05:00,ITM Medellín,Habilitada,0.00000,25.44444
726,2023-09-27 12:06:01,ITM Medellín,Habilitada,0.00000,25.50000
727,2023-09-27 12:07:00,ITM Medellín,Habilitada,0.00000,25.50000
728,2023-09-27 12:08:00,ITM Medellín,Habilitada,0.00000,25.50000
729,2023-09-27 12:09:00,ITM Medellín,Habilitada,0.00000,25.44444
730,2023-09-27 12:10:00,ITM Medellín,Habilitada,0.00000,25.38889
731,2023-09-27 12:11:00,ITM Medellín,Habilitada,0.00000,25.27778
732,2023-09-27 12:12:01,ITM Medellín,Habilitada,0.00000,25.27778
733,2023-09-27 12:13:00,ITM Medellín,Habilitada,0.00000,25.22222
734,2023-09-27 12:14:00,ITM Medellín,Habilitada,0.00000,25.16667
735,2023-09-27 12:15:00,ITM Medellín,Habilitada,0.00000,25.05556
736,2023-09-27 12:16:00,ITM Medellín,Habilitada,0.00000,24.94444
737,2023-09-27 12:17:10,ITM Medellín,Habilitada,0.00000,24.88889
738,2023-09-27 12:18:01,ITM Medellín,Habilitada,0.00000,24.88889
739,2023-09-27 12:19:00,ITM Medellín,Habilitada,0.00000,24.88889
740,2023-09-27 12:20:00,ITM Medellín,Habilitada,0.00000,24.88889
741,2023-09-27 12:21:00,ITM Medellín,Habilitada,0.00000,24.88889
742,2023-09-27 12:22:00,ITM Medellín,Habilitada,0.00000,24.88889
743,2023-09-27 12:23:00,ITM Medellín,Habilitada,0.00000,24.88889
744,2023-09-27 12:24:00,ITM Medellín,Habilitada,0.00000,24.94444
745,2023-09-27 12:25:00,ITM Medellín,Habilitada,0.00000,25.00000
746,2023-09-27 12:26:00,ITM Medellín,Habilitada,0.00000,25.05556
747,2023-09-27 12:27:01,ITM Medellín,Habilitada,0.00000,25.11111
748,2023-09-27 12:28:00,ITM Medellín,Habilitada,0.00000,25.16667
749,2023-09-27 12:29:00,ITM Medellín,Habilitada,0.00000,25.22222
750,2023-09-27 12:30:00,ITM Medellín,Habilitada,0.00000,25.33333
751,2023-09-27 12:31:00,ITM Medellín,Habilitada,0.00000,25.44444
752,2023-09-27 12:32:00,ITM Medellín,Habilitada,0.00000,25.50000
753,2023-09-27 12:33:00,ITM Medellín,Habilitada,0.00000,25.61111
754,2023-09-27 12:34:01,ITM Medellín,Habilitada,0.00000,25.72222
755,2023-09-27 12:35:00,ITM Medellín,Habilitada,0.00000,25.77778
756,2023-09-27 12:36:01,ITM Medellín,Habilitada,0.00000,25.83333
757,2023-09-27 12:37:00,ITM Medellín,Habilitada,0.00000,25.88889
758,2023-09-27 12:38:00,ITM Medellín,Habilitada,0.00000,25.88889
759,2023-09-27 12:39:00,ITM Medellín,Habilitada,0.00000,25.83333
760,2023-09-27 12:40:00,ITM Medellín,Habilitada,0.00000,25.77778
761,2023-09-27 12:41:00,ITM Medellín,Habilitada,0.00000,25.72222
762,2023-09-27 12:42:00,ITM Medellín,Habilitada,0.00000,25.77778
763,2023-09-27 12:43:01,ITM Medellín,Habilitada,0.00000,25.83333
764,2023-09-27 12:44:00,ITM Medellín,Habilitada,0.00000,25.88889
765,2023-09-27 12:45:00,ITM Medellín,Habilitada,0.00000,25.94444
766,2023-09-27 12:46:00,ITM Medellín,Habilitada,0.00000,25.94444
767,2023-09-27 12:47:00,ITM Medellín,Habilitada,0.00000,25.94444
768,2023-09-27 12:48:00,ITM Medellín,Habilitada,0.00000,25.88889
769,2023-09-27 12:49:00,ITM Medellín,Habilitada,0.00000,25.88889
770,2023-09-27 12:50:00,ITM Medellín,Habilitada,0.00000,25.88889
771,2023-09-27 12:51:00,ITM Medellín,Habilitada,0.00000,25.94444
772,2023-09-27 12:52:01,ITM Medellín,Habilitada,0.00000,26.00000
773,2023-09-27 12:53:00,ITM Medellín,Habilitada,0.00000,26.00000
774,2023-09-27 12:54:00,ITM Medellín,Habilitada,0.00000,25.94444
775,2023-09-27 12:55:00,ITM Medellín,Habilitada,0.00000,25.94444
776,2023-09-27 12:56:00,ITM Medellín,Habilitada,0.00000,25.94444
777,2023-09-27 12:57:00,ITM Medellín,Habilitada,0.00000,25.94444
778,2023-09-27 12:58:00,ITM Medellín,Habilitada,0.00000,26.00000
779,2023-09-27 12:59:01,ITM Medellín,Habilitada,0.00000,26.05556
780,2023-09-27 13:00:00,ITM Medellín,Habilitada,0.00000,26.11111
781,2023-09-27 13:01:00,ITM Medellín,Habilitada,0.00000,26.11111
782,2023-09-27 13:02:10,ITM Medellín,Habilitada,0.00000,26.05556
783,2023-09-27 13:03:01,ITM Medellín,Habilitada,0.00000,26.00000
784,2023-09-27 13:04:00,ITM Medellín,Habilitada,0.00000,25.88889
785,2023-09-27 13:05:00,ITM Medellín,Habilitada,0.00000,25.83333
786,2023-09-27 13:06:00,ITM Medellín,Habilitada,0.00000,25.77778
787,2023-09-27 13:07:00,ITM Medellín,Habilitada,0.00000,25.72222
788,2023-09-27 13:08:00,ITM Medellín,Habilitada,0.00000,25.66667
789,2023-09-27 13:09:00,ITM Medellín,Habilitada,0.00000,25.61111
790,2023-09-27 13:10:00,ITM Medellín,Habilitada,0.00000,25.61111
791,2023-09-27 13:11:00,ITM Medellín,Habilitada,0.00000,25.61111
792,2023-09-27 13:12:01,ITM Medellín,Habilitada,0.00000,25.72222
793,2023-09-27 13:13:00,ITM Medellín,Habilitada,0.00000,25.83333
794,2023-09-27 13:14:00,ITM Medellín,Habilitada,0.00000,25.88889
795,2023-09-27 13:15:00,ITM Medellín,Habilitada,0.00000,25.94444
796,2023-09-27 13:16:00,ITM Medellín,Habilitada,0.00000,26.00000
797,2023-09-27 13:17:00,ITM Medellín,Habilitada,0.00000,26.00000
798,2023-09-27 13:18:00,ITM Medellín,Habilitada,0.00000,26.05556
799,2023-09-27 13:19:01,ITM Medellín,Habilitada,0.00000,26.11111
800,2023-09-27 13:20:00,ITM Medellín,Habilitada,0.00000,26.16667
801,2023-09-27 13:21:01,ITM Medellín,Habilitada,0.00000,26.27778
802,2023-09-27 13:22:00,ITM Medellín,Habilitada,0.00000,26.27778
803,2023-09-27 13:23:00,ITM Medellín,Habilitada,0.00000,26.33333
804,2023-09-27 13:24:00,ITM Medellín,Habilitada,0.00000,26.33333
805,2023-09-27 13:25:00,ITM Medellín,Habilitada,0.00000,26.38889
806,2023-09-27 13:26:00,ITM Medellín,Habilitada,0.00000,26.44444
807,2023-09-27 13:27:00,ITM Medellín,Habilitada,0.00000,26.50000
808,2023-09-27 13:28:01,ITM Medellín,Habilitada,0.00000,26.55556
809,2023-09-27 13:29:00,ITM Medellín,Habilitada,0.00000,26.61111
810,2023-09-27 13:30:00,ITM Medellín,Habilitada,0.00000,26.61111
811,2023-09-27 13:31:00,ITM Medellín,Habilitada,0.00000,26.66667
812,2023-09-27 13:32:00,ITM Medellín,Habilitada,0.00000,26.66667
813,2023-09-27 13:33:00,ITM Medellín,Habilitada,0.00000,26.66667
814,2023-09-27 13:34:00,ITM Medellín,Habilitada,0.00000,26.66667
815,2023-09-27 13:35:00,ITM Medellín,Habilitada,0.00000,26.72222
816,2023-09-27 13:36:00,ITM Medellín,Habilitada,0.00000,26.77778
817,2023-09-27 13:37:01,ITM Medellín,Habilitada,0.00000,26.88889
818,2023-09-27 13:38:00,ITM Medellín,Habilitada,0.00000,27.00000
819,2023-09-27 13:39:00,ITM Medellín,Habilitada,0.00000,27.16667
820,2023-09-27 13:40:10,ITM Medellín,Habilitada,0.00000,27.27778
821,2023-09-27 13:41:00,ITM Medellín,Habilitada,0.00000,27.33333
822,2023-09-27 13:42:00,ITM Medellín,Habilitada,0.00000,27.44444
823,2023-09-27 13:43:01,ITM Medellín,Habilitada,0.00000,27.50000
824,2023-09-27 13:44:00,ITM Medellín,Habilitada,0.00000,27.61111
825,2023-09-27 13:45:00,ITM Medellín,Habilitada,0.00000,27.72222
826,2023-09-27 13:46:00,ITM Medellín,Habilitada,0.00000,27.88889
827,2023-09-27 13:47:00,ITM Medellín,Habilitada,0.00000,28.05556
828,2023-09-27 13:48:00,ITM Medellín,Habilitada,0.00000,28.22222
829,2023-09-27 13:49:01,ITM Medellín,Habilitada,0.00000,28.22222
830,2023-09-27 13:50:00,ITM Medellín,Habilitada,0.00000,28.11111
831,2023-09-27 13:51:01,ITM Medellín,Habilitada,0.00000,28.00000
832,2023-09-27 13:52:00,ITM Medellín,Habilitada,0.00000,27.94444
833,2023-09-27 13:53:00,ITM Medellín,Habilitada,0.00000,27.88889
834,2023-09-27 13:54:00,ITM Medellín,Habilitada,0.00000,27.83333
835,2023-09-27 13:55:00,ITM Medellín,Habilitada,0.00000,27.66667
836,2023-09-27 13:56:00,ITM Medellín,Habilitada,0.00000,27.44444
837,2023-09-27 13:57:00,ITM Medellín,Habilitada,0.00000,27.27778
838,2023-09-27 13:58:01,ITM Medellín,Habilitada,0.00000,27.16667
839,2023-09-27 13:59:00,ITM Medellín,Habilitada,0.00000,27.00000
840,2023-09-27 14:00:00,ITM Medellín,Habilitada,0.00000,26.83333
841,2023-09-27 14:01:00,ITM Medellín,Habilitada,0.00000,26.77778
842,2023-09-27 14:02:00,ITM Medellín,Habilitada,0.00000,26.72222
843,2023-09-27 14:03:00,ITM Medellín,Habilitada,0.00000,26.61111
844,2023-09-27 14:04:00,ITM Medellín,Habilitada,0.00000,26.50000
845,2023-09-27 14:05:00,ITM Medellín,Habilitada,0.00000,26.38889
846,2023-09-27 14:06:00,ITM Medellín,Habilitada,0.00000,26.33333
847,2023-09-27 14:07:01,ITM Medellín,Habilitada,0.00000,26.33333
848,2023-09-27 14:08:00,ITM Medellín,Habilitada,0.00000,26.33333
849,2023-09-27 14:09:00,ITM Medellín,Habilitada,0.00000,26.33333
850,2023-09-27 14:10:00,ITM Medellín,Habilitada,0.00000,26.38889
851,2023-09-27 14:11:00,ITM Medellín,Habilitada,0.00000,26.44444
852,2023-09-27 14:12:00,ITM Medellín,Habilitada,0.00000,26.50000
853,2023-09-27 14:13:00,ITM Medellín,Habilitada,0.00000,26.50000
854,2023-09-27 14:14:01,ITM Medellín,Habilitada,0.00000,26.50000
855,2023-09-27 14:15:00,ITM Medellín,Habilitada,0.00000,26.55556
856,2023-09-27 14:16:01,ITM Medellín,Habilitada,0.00000,26.55556
857,2023-09-27 14:17:00,ITM Medellín,Habilitada,0.00000,26.61111
858,2023-09-27 14:18:00,ITM Medellín,Habilitada,0.00000,26.66667
859,2023-09-27 14:19:00,ITM Medellín,Habilitada,0.00000,26.66667
860,2023-09-27 14:20:00,ITM Medellín,Habilitada,0.00000,26.72222
861,2023-09-27 14:21:00,ITM Medellín,Habilitada,0.00000,26.77778
862,2023-09-27 14:22:00,ITM Medellín,Habilitada,0.00000,26.94444
863,2023-09-27 14:23:01,ITM Medellín,Habilitada,0.00000,27.05556
864,2023-09-27 14:24:00,ITM Medellín,Habilitada,0.00000,27.05556
865,2023-09-27 14:25:00,ITM Medellín,Habilitada,0.00000,27.05556
866,2023-09-27 14:26:00,ITM Medellín,Habilitada,0.00000,27.05556
867,2023-09-27 14:27:00,ITM Medellín,Habilitada,0.00000,27.00000
868,2023-09-27 14:28:00,ITM Medellín,Habilitada,0.00000,27.00000
869,2023-09-27 14:29:00,ITM Medellín,Habilitada,0.00000,27.05556
870,2023-09-27 14:30:00,ITM Medellín,Habilitada,0.00000,27.05556
871,2023-09-27 14:31:00,ITM Medellín,Habilitada,0.00000,27.11111
872,2023-09-27 14:32:01,ITM Medellín,Habilitada,0.00000,27.16667
873,2023-09-27 14:33:00,ITM Medellín,Habilitada,0.00000,27.22222
874,2023-09-27 14:34:00,ITM Medellín,Habilitada,0.00000,27.33333
875,2023-09-27 14:35:00,ITM Medellín,Habilitada,0.00000,27.38889
876,2023-09-27 14:36:00,ITM Medellín,Habilitada,0.00000,27.33333
877,2023-09-27 14:37:00,ITM Medellín,Habilitada,0.00000,27.38889
878,2023-09-27 14:38:11,ITM Medellín,Habilitada,0.00000,27.33333
879,2023-09-27 14:39:00,ITM Medellín,Habilitada,0.00000,27.38889
880,2023-09-27 14:40:00,ITM Medellín,Habilitada,0.00000,27.55556
881,2023-09-27 14:41:00,ITM Medellín,Habilitada,0.00000,27.72222
882,2023-09-27 14:42:00,ITM Medellín,Habilitada,0.00000,27.88889
883,2023-09-27 14:43:00,ITM Medellín,Habilitada,0.00000,28.05556
884,2023-09-27 14:44:01,ITM Medellín,Habilitada,0.00000,28.22222
885,2023-09-27 14:45:10,ITM Medellín,Habilitada,0.00000,28.33333
886,2023-09-27 14:46:00,ITM Medellín,Habilitada,0.00000,28.38889
887,2023-09-27 14:47:00,ITM Medellín,Habilitada,0.00000,28.27778
888,2023-09-27 14:48:00,ITM Medellín,Habilitada,0.00000,28.11111
889,2023-09-27 14:49:01,ITM Medellín,Habilitada,0.00000,27.88889
890,2023-09-27 14:50:00,ITM Medellín,Habilitada,0.00000,27.66667
891,2023-09-27 14:51:01,ITM Medellín,Habilitada,0.00000,27.55556
892,2023-09-27 14:52:00,ITM Medellín,Habilitada,0.00000,27.44444
893,2023-09-27 14:53:00,ITM Medellín,Habilitada,0.00000,27.33333
894,2023-09-27 14:54:00,ITM Medellín,Habilitada,0.00000,27.22222
895,2023-09-27 14:55:00,ITM Medellín,Habilitada,0.00000,27.11111
896,2023-09-27 14:56:00,ITM Medellín,Habilitada,0.00000,27.00000
897,2023-09-27 14:57:00,ITM Medellín,Habilitada,0.00000,26.94444
898,2023-09-27 14:58:01,ITM Medellín,Habilitada,0.00000,26.88889
899,2023-09-27 14:59:00,ITM Medellín,Habilitada,0.00000,26.83333
900,2023-09-27 15:00:00,ITM Medellín,Habilitada,0.00000,26.83333
901,2023-09-27 15:01:00,ITM Medellín,Habilitada,0.00000,26.83333
902,2023-09-27 15:02:00,ITM Medellín,Habilitada,0.00000,26.83333
903,2023-09-27 15:03:00,ITM Medellín,Habilitada,0.00000,26.88889
904,2023-09-27 15:04:00,ITM Medellín,Habilitada,0.00000,27.00000
905,2023-09-27 15:05:00,ITM Medellín,Habilitada,0.00000,27.05556
906,2023-09-27 15:06:00,ITM Medellín,Habilitada,0.00000,27.05556
907,2023-09-27 15:07:01,ITM Medellín,Habilitada,0.00000,27.11111
908,2023-09-27 15:08:00,ITM Medellín,Habilitada,0.00000,27.22222
909,2023-09-27 15:09:00,ITM Medellín,Habilitada,0.00000,27.22222
910,2023-09-27 15:10:00,ITM Medellín,Habilitada,0.00000,27.11111
911,2023-09-27 15:11:00,ITM Medellín,Habilitada,0.00000,27.00000
912,2023-09-27 15:12:00,ITM Medellín,Habilitada,0.00000,26.94444
913,2023-09-27 15:13:00,ITM Medellín,Habilitada,0.00000,26.88889
914,2023-09-27 15:14:01,ITM Medellín,Habilitada,0.00000,26.88889
915,2023-09-27 15:15:00,ITM Medellín,Habilitada,0.00000,26.83333
916,2023-09-27 15:16:01,ITM Medellín,Habilitada,0.00000,26.83333
917,2023-09-27 15:17:00,ITM Medellín,Habilitada,0.00000,26.83333
918,2023-09-27 15:18:00,ITM Medellín,Habilitada,0.00000,26.77778
919,2023-09-27 15:19:00,ITM Medellín,Habilitada,0.00000,26.77778
920,2023-09-27 15:20:11,ITM Medellín,Habilitada,0.00000,26.83333
921,2023-09-27 15:21:00,ITM Medellín,Habilitada,0.00000,26.83333
922,2023-09-27 15:22:01,ITM Medellín,Habilitada,0.00000,26.88889
923,2023-09-27 15:23:00,ITM Medellín,Habilitada,0.00000,26.94444
924,2023-09-27 15:24:00,ITM Medellín,Habilitada,0.00000,26.88889
925,2023-09-27 15:25:00,ITM Medellín,Habilitada,0.00000,26.83333
926,2023-09-27 15:26:00,ITM Medellín,Habilitada,0.00000,26.83333
927,2023-09-27 15:27:00,ITM Medellín,Habilitada,0.00000,26.83333
928,2023-09-27 15:28:01,ITM Medellín,Habilitada,0.00000,26.83333
929,2023-09-27 15:29:00,ITM Medellín,Habilitada,0.00000,26.83333
930,2023-09-27 15:30:00,ITM Medellín,Habilitada,0.00000,26.88889
931,2023-09-27 15:31:00,ITM Medellín,Habilitada,0.00000,26.94444
932,2023-09-27 15:32:00,ITM Medellín,Habilitada,0.00000,26.94444
933,2023-09-27 15:33:00,ITM Medellín,Habilitada,0.00000,26.94444
934,2023-09-27 15:34:00,ITM Medellín,Habilitada,0.00000,27.00000
935,2023-09-27 15:35:00,ITM Medellín,Habilitada,0.00000,27.00000
936,2023-09-27 15:36:00,ITM Medellín,Habilitada,0.00000,27.00000
937,2023-09-27 15:37:01,ITM Medellín,Habilitada,0.00000,26.94444
938,2023-09-27 15:38:00,ITM Medellín,Habilitada,0.00000,26.94444
939,2023-09-27 15:39:00,ITM Medellín,Habilitada,0.00000,26.88889
940,2023-09-27 15:40:00,ITM Medellín,Habilitada,0.00000,26.83333
941,2023-09-27 15:41:00,ITM Medellín,Habilitada,0.00000,26.83333
942,2023-09-27 15:42:00,ITM Medellín,Habilitada,0.00000,26.77778
943,2023-09-27 15:43:01,ITM Medellín,Habilitada,0.00000,26.77778
944,2023-09-27 15:44:00,ITM Medellín,Habilitada,0.00000,26.77778
945,2023-09-27 15:45:00,ITM Medellín,Habilitada,0.00000,26.83333
946,2023-09-27 15:46:00,ITM Medellín,Habilitada,0.00000,26.83333
947,2023-09-27 15:47:00,ITM Medellín,Habilitada,0.00000,26.83333
948,2023-09-27 15:48:00,ITM Medellín,Habilitada,0.00000,26.77778
949,2023-09-27 15:49:00,ITM Medellín,Habilitada,0.00000,26.77778
950,2023-09-27 15:50:00,ITM Medellín,Habilitada,0.00000,26.77778
951,2023-09-27 15:51:00,ITM Medellín,Habilitada,0.00000,26.83333
952,2023-09-27 15:52:01,ITM Medellín,Habilitada,0.00000,26.88889
953,2023-09-27 15:53:00,ITM Medellín,Habilitada,0.00000,26.88889
954,2023-09-27 15:54:00,ITM Medellín,Habilitada,0.00000,26.94444
955,2023-09-27 15:55:00,ITM Medellín,Habilitada,0.00000,26.94444
956,2023-09-27 15:56:00,ITM Medellín,Habilitada,0.00000,27.00000
957,2023-09-27 15:57:00,ITM Medellín,Habilitada,0.00000,27.00000
958,2023-09-27 15:58:00,ITM Medellín,Habilitada,0.00000,27.00000
959,2023-09-27 15:59:01,ITM Medellín,Habilitada,0.00000,27.00000
960,2023-09-27 16:00:00,ITM Medellín,Habilitada,0.00000,27.00000
961,2023-09-27 16:01:01,ITM Medellín,Habilitada,0.00000,27.00000
962,2023-09-27 16:02:00,ITM Medellín,Habilitada,0.00000,27.00000
963,2023-09-27 16:03:00,ITM Medellín,Habilitada,0.00000,27.05556
964,2023-09-27 16:04:00,ITM Medellín,Habilitada,0.00000,27.05556
965,2023-09-27 16:05:00,ITM Medellín,Habilitada,0.00000,27.11111
966,2023-09-27 16:06:00,ITM Medellín,Habilitada,0.00000,27.11111
967,2023-09-27 16:07:00,ITM Medellín,Habilitada,0.00000,27.16667
968,2023-09-27 16:08:01,ITM Medellín,Habilitada,0.00000,27.16667
969,2023-09-27 16:09:00,ITM Medellín,Habilitada,0.00000,27.16667
970,2023-09-27 16:10:00,ITM Medellín,Habilitada,0.00000,27.16667
971,2023-09-27 16:11:00,ITM Medellín,Habilitada,0.00000,27.16667
972,2023-09-27 16:12:00,ITM Medellín,Habilitada,0.00000,27.22222
973,2023-09-27 16:13:00,ITM Medellín,Habilitada,0.00000,27.27778
974,2023-09-27 16:14:01,ITM Medellín,Habilitada,0.00000,27.22222
975,2023-09-27 16:15:00,ITM Medellín,Habilitada,0.00000,27.22222
976,2023-09-27 16:16:00,ITM Medellín,Habilitada,0.00000,27.22222
977,2023-09-27 16:17:00,ITM Medellín,Habilitada,0.00000,27.22222
978,2023-09-27 16:18:00,ITM Medellín,Habilitada,0.00000,27.16667
979,2023-09-27 16:19:00,ITM Medellín,Habilitada,0.00000,27.16667
980,2023-09-27 16:20:00,ITM Medellín,Habilitada,0.00000,27.16667
981,2023-09-27 16:21:00,ITM Medellín,Habilitada,0.00000,27.11111
982,2023-09-27 16:22:00,ITM Medellín,Habilitada,0.00000,27.11111
983,2023-09-27 16:23:01,ITM Medellín,Habilitada,0.00000,27.05556
984,2023-09-27 16:24:00,ITM Medellín,Habilitada,0.00000,27.11111
985,2023-09-27 16:25:00,ITM Medellín,Habilitada,0.00000,27.11111
986,2023-09-27 16:26:00,ITM Medellín,Habilitada,0.00000,27.16667
987,2023-09-27 16:27:00,ITM Medellín,Habilitada,0.00000,27.22222
988,2023-09-27 16:28:00,ITM Medellín,Habilitada,0.00000,27.27778
989,2023-09-27 16:29:00,ITM Medellín,Habilitada,0.00000,27.33333
990,2023-09-27 16:30:00,ITM Medellín,Habilitada,0.00000,27.38889
991,2023-09-27 16:31:00,ITM Medellín,Habilitada,0.00000,27.38889
992,2023-09-27 16:32:01,ITM Medellín,Habilitada,0.00000,27.44444
993,2023-09-27 16:33:00,ITM Medellín,Habilitada,0.00000,27.50000
994,2023-09-27 16:34:00,ITM Medellín,Habilitada,0.00000,27.50000
995,2023-09-27 16:35:00,ITM Medellín,Habilitada,0.00000,27.50000
996,2023-09-27 16:36:00,ITM Medellín,Habilitada,0.00000,27.44444
997,2023-09-27 16:37:00,ITM Medellín,Habilitada,0.00000,27.44444
998,2023-09-27 16:38:00,ITM Medellín,Habilitada,0.00000,27.44444
999,2023-09-27 16:39:01,ITM Medellín,Habilitada,0.00000,27.50000
1000,2023-09-27 16:40:00,ITM Medellín,Habilitada,0.00000,27.55556
1001,2023-09-27 16:41:01,ITM Medellín,Habilitada,0.00000,27.61111
1002,2023-09-27 16:42:00,ITM Medellín,Habilitada,0.00000,27.66667
1003,2023-09-27 16:43:00,ITM Medellín,Habilitada,0.00000,27.66667
1004,2023-09-27 16:44:00,ITM Medellín,Habilitada,0.00000,27.72222
1005,2023-09-27 16:45:00,ITM Medellín,Habilitada,0.00000,27.77778
1006,2023-09-27 16:46:00,ITM Medellín,Habilitada,0.00000,27.77778
1007,2023-09-27 16:47:01,ITM Medellín,Habilitada,0.00000,27.83333
1008,2023-09-27 16:48:00,ITM Medellín,Habilitada,0.00000,27.83333
1009,2023-09-27 16:49:00,ITM Medellín,Habilitada,0.00000,27.83333
1010,2023-09-27 16:50:00,ITM Medellín,Habilitada,0.00000,27.83333
1011,2023-09-27 16:51:00,ITM Medellín,Habilitada,0.00000,27.83333
1012,2023-09-27 16:52:00,ITM Medellín,Habilitada,0.00000,27.77778
1013,2023-09-27 16:53:00,ITM Medellín,Habilitada,0.00000,27.72222
1014,2023-09-27 16:54:01,ITM Medellín,Habilitada,0.00000,27.66667
1015,2023-09-27 16:55:00,ITM Medellín,Habilitada,0.00000,27.66667
1016,2023-09-27 16:56:00,ITM Medellín,Habilitada,0.00000,27.66667
1017,2023-09-27 16:57:00,ITM Medellín,Habilitada,0.00000,27.61111
1018,2023-09-27 16:58:00,ITM Medellín,Habilitada,0.00000,27.61111
1019,2023-09-27 16:59:00,ITM Medellín,Habilitada,0.00000,27.55556
1020,2023-09-27 17:00:00,ITM Medellín,Habilitada,0.00000,27.55556
1021,2023-09-27 17:01:00,ITM Medellín,Habilitada,0.00000,27.61111
1022,2023-09-27 17:02:01,ITM Medellín,Habilitada,0.00000,27.61111
1023,2023-09-27 17:03:00,ITM Medellín,Habilitada,0.00000,27.61111
1024,2023-09-27 17:04:00,ITM Medellín,Habilitada,0.00000,27.61111
1025,2023-09-27 17:05:10,ITM Medellín,Habilitada,0.00000,27.61111
1026,2023-09-27 17:06:00,ITM Medellín,Habilitada,0.00000,27.55556
1027,2023-09-27 17:07:00,ITM Medellín,Habilitada,0.00000,27.55556
1028,2023-09-27 17:08:01,ITM Medellín,Habilitada,0.00000,27.55556
1029,2023-09-27 17:09:00,ITM Medellín,Habilitada,0.00000,27.55556
1030,2023-09-27 17:10:00,ITM Medellín,Habilitada,0.00000,27.55556
1031,2023-09-27 17:11:00,ITM Medellín,Habilitada,0.00000,27.55556
1032,2023-09-27 17:12:00,ITM Medellín,Habilitada,0.00000,27.61111
1033,2023-09-27 17:13:00,ITM Medellín,Habilitada,0.00000,27.66667
1034,2023-09-27 17:14:01,ITM Medellín,Habilitada,0.00000,27.66667
1035,2023-09-27 17:15:00,ITM Medellín,Habilitada,0.00000,27.66667
1036,2023-09-27 17:16:01,ITM Medellín,Habilitada,0.00000,27.66667
1037,2023-09-27 17:17:00,ITM Medellín,Habilitada,0.00000,27.66667
1038,2023-09-27 17:18:00,ITM Medellín,Habilitada,0.00000,27.66667
1039,2023-09-27 17:19:00,ITM Medellín,Habilitada,0.00000,27.61111
1040,2023-09-27 17:20:00,ITM Medellín,Habilitada,0.00000,27.61111
1041,2023-09-27 17:21:00,ITM Medellín,Habilitada,0.00000,27.50000
1042,2023-09-27 17:22:00,ITM Medellín,Habilitada,0.00000,27.44444
1043,2023-09-27 17:23:01,ITM Medellín,Habilitada,0.00000,27.44444
1044,2023-09-27 17:24:00,ITM Medellín,Habilitada,0.00000,27.33333
1045,2023-09-27 17:25:00,ITM Medellín,Habilitada,0.00000,27.27778
1046,2023-09-27 17:26:00,ITM Medellín,Habilitada,0.00000,27.22222
1047,2023-09-27 17:27:00,ITM Medellín,Habilitada,0.00000,27.16667
1048,2023-09-27 17:28:00,ITM Medellín,Habilitada,0.00000,27.11111
1049,2023-09-27 17:29:00,ITM Medellín,Habilitada,0.00000,27.11111
1050,2023-09-27 17:30:00,ITM Medellín,Habilitada,0.00000,27.05556
1051,2023-09-27 17:31:00,ITM Medellín,Habilitada,0.00000,27.00000
1052,2023-09-27 17:32:01,ITM Medellín,Habilitada,0.00000,26.94444
1053,2023-09-27 17:33:00,ITM Medellín,Habilitada,0.00000,26.88889
1054,2023-09-27 17:34:00,ITM Medellín,Habilitada,0.00000,26.83333
1055,2023-09-27 17:35:00,ITM Medellín,Habilitada,0.00000,26.77778
1056,2023-09-27 17:36:00,ITM Medellín,Habilitada,0.00000,26.77778
1057,2023-09-27 17:37:00,ITM Medellín,Habilitada,0.00000,26.72222
1058,2023-09-27 17:38:00,ITM Medellín,Habilitada,0.00000,26.66667
1059,2023-09-27 17:39:01,ITM Medellín,Habilitada,0.00000,26.66667
1060,2023-09-27 17:40:00,ITM Medellín,Habilitada,0.00000,26.61111
1061,2023-09-27 17:41:01,ITM Medellín,Habilitada,0.00000,26.61111
1062,2023-09-27 17:42:00,ITM Medellín,Habilitada,0.00000,26.55556
1063,2023-09-27 17:43:00,ITM Medellín,Habilitada,0.00000,26.55556
1064,2023-09-27 17:44:00,ITM Medellín,Habilitada,0.00000,26.50000
1065,2023-09-27 17:45:00,ITM Medellín,Habilitada,0.00000,26.50000
1066,2023-09-27 17:46:00,ITM Medellín,Habilitada,0.00000,26.44444
1067,2023-09-27 17:47:01,ITM Medellín,Habilitada,0.00000,26.38889
1068,2023-09-27 17:48:10,ITM Medellín,Habilitada,0.00000,26.33333
1069,2023-09-27 17:49:00,ITM Medellín,Habilitada,0.00000,26.33333
1070,2023-09-27 17:50:00,ITM Medellín,Habilitada,0.00000,26.22222
1071,2023-09-27 17:51:00,ITM Medellín,Habilitada,0.00000,26.16667
1072,2023-09-27 17:52:00,ITM Medellín,Habilitada,0.00000,26.05556
1073,2023-09-27 17:53:01,ITM Medellín,Habilitada,0.00000,25.94444
1074,2023-09-27 17:54:00,ITM Medellín,Habilitada,0.00000,25.83333
1075,2023-09-27 17:55:00,ITM Medellín,Habilitada,0.00000,25.77778
1076,2023-09-27 17:56:00,ITM Medellín,Habilitada,0.00000,25.72222
1077,2023-09-27 17:57:00,ITM Medellín,Habilitada,0.00000,25.72222
1078,2023-09-27 17:58:00,ITM Medellín,Habilitada,0.00000,25.66667
1079,2023-09-27 17:59:00,ITM Medellín,Habilitada,0.00000,25.61111
1080,2023-09-27 18:00:00,ITM Medellín,Habilitada,0.00000,25.61111
1081,2023-09-27 18:01:01,ITM Medellín,Habilitada,0.00000,25.61111
1082,2023-09-27 18:02:00,ITM Medellín,Habilitada,0.00000,25.61111
1083,2023-09-27 18:03:00,ITM Medellín,Habilitada,0.00000,25.55556
1084,2023-09-27 18:04:00,ITM Medellín,Habilitada,0.00000,25.55556
1085,2023-09-27 18:05:00,ITM Medellín,Habilitada,0.00000,25.50000
1086,2023-09-27 18:06:00,ITM Medellín,Habilitada,0.00000,25.50000
1087,2023-09-27 18:07:11,ITM Medellín,Habilitada,0.00000,25.44444
1088,2023-09-27 18:08:00,ITM Medellín,Habilitada,0.00000,25.44444
1089,2023-09-27 18:09:00,ITM Medellín,Habilitada,0.00000,25.44444
1090,2023-09-27 18:10:00,ITM Medellín,Habilitada,0.00000,25.38889
1091,2023-09-27 18:11:00,ITM Medellín,Habilitada,0.00000,25.38889
1092,2023-09-27 18:12:00,ITM Medellín,Habilitada,0.00000,25.38889
1093,2023-09-27 18:13:00,ITM Medellín,Habilitada,0.00000,25.38889
1094,2023-09-27 18:14:01,ITM Medellín,Habilitada,0.00000,25.38889
1095,2023-09-27 18:15:00,ITM Medellín,Habilitada,0.00000,25.38889
1096,2023-09-27 18:16:01,ITM Medellín,Habilitada,0.00000,25.33333
1097,2023-09-27 18:17:00,ITM Medellín,Habilitada,0.00000,25.33333
1098,2023-09-27 18:18:10,ITM Medellín,Habilitada,0.00000,25.33333
1099,2023-09-27 18:19:01,ITM Medellín,Habilitada,0.00000,25.27778
1100,2023-09-27 18:20:00,ITM Medellín,Habilitada,0.00000,25.22222
1101,2023-09-27 18:21:01,ITM Medellín,Habilitada,0.00000,25.22222
1102,2023-09-27 18:22:00,ITM Medellín,Habilitada,0.00000,25.16667
1103,2023-09-27 18:23:00,ITM Medellín,Habilitada,0.00000,25.16667
1104,2023-09-27 18:24:00,ITM Medellín,Habilitada,0.00000,25.11111
1105,2023-09-27 18:25:00,ITM Medellín,Habilitada,0.00000,25.11111
1106,2023-09-27 18:26:00,ITM Medellín,Habilitada,0.00000,25.11111
1107,2023-09-27 18:27:00,ITM Medellín,Habilitada,0.00000,25.11111
1108,2023-09-27 18:28:01,ITM Medellín,Habilitada,0.00000,25.05556
1109,2023-09-27 18:29:00,ITM Medellín,Habilitada,0.00000,25.05556
1110,2023-09-27 18:30:00,ITM Medellín,Habilitada,0.00000,25.00000
1111,2023-09-27 18:31:01,ITM Medellín,Habilitada,0.00000,24.94444
1112,2023-09-27 18:32:00,ITM Medellín,Habilitada,0.00000,24.94444
1113,2023-09-27 18:33:00,ITM Medellín,Habilitada,0.00000,24.94444
1114,2023-09-27 18:34:00,ITM Medellín,Habilitada,0.00000,24.88889
1115,2023-09-27 18:35:00,ITM Medellín,Habilitada,0.00000,24.88889
1116,2023-09-27 18:36:00,ITM Medellín,Habilitada,0.00000,24.88889
1117,2023-09-27 18:37:00,ITM Medellín,Habilitada,0.00000,24.88889
1118,2023-09-27 18:38:01,ITM Medellín,Habilitada,0.00000,24.83333
1119,2023-09-27 18:39:00,ITM Medellín,Habilitada,0.00000,24.83333
1120,2023-09-27 18:40:00,ITM Medellín,Habilitada,0.00000,24.77778
1121,2023-09-27 18:41:00,ITM Medellín,Habilitada,0.00000,24.77778
1122,2023-09-27 18:42:00,ITM Medellín,Habilitada,0.00000,24.77778
1123,2023-09-27 18:43:00,ITM Medellín,Habilitada,0.00000,24.72222
1124,2023-09-27 18:44:00,ITM Medellín,Habilitada,0.00000,24.66667
1125,2023-09-27 18:45:00,ITM Medellín,Habilitada,0.00000,24.61111
1126,2023-09-27 18:46:00,ITM Medellín,Habilitada,0.00000,24.55556
1127,2023-09-27 18:47:01,ITM Medellín,Habilitada,0.00000,24.55556
1128,2023-09-27 18:48:00,ITM Medellín,Habilitada,0.00000,24.55556
1129,2023-09-27 18:49:00,ITM Medellín,Habilitada,0.00000,24.50000
1130,2023-09-27 18:50:00,ITM Medellín,Habilitada,0.00000,24.50000
1131,2023-09-27 18:51:00,ITM Medellín,Habilitada,0.00000,24.50000
1132,2023-09-27 18:52:00,ITM Medellín,Habilitada,0.00000,24.44444
1133,2023-09-27 18:53:00,ITM Medellín,Habilitada,0.00000,24.44444
1134,2023-09-27 18:54:01,ITM Medellín,Habilitada,0.00000,24.38889
1135,2023-09-27 18:55:00,ITM Medellín,Habilitada,0.00000,24.38889
1136,2023-09-27 18:56:12,ITM Medellín,Habilitada,0.00000,24.33333
1137,2023-09-27 18:57:00,ITM Medellín,Habilitada,0.00000,24.27778
1138,2023-09-27 18:58:00,ITM Medellín,Habilitada,0.00000,24.27778
1139,2023-09-27 18:59:00,ITM Medellín,Habilitada,0.00000,24.22222
1140,2023-09-27 19:00:00,ITM Medellín,Habilitada,0.00000,24.22222
1141,2023-09-27 19:01:00,ITM Medellín,Habilitada,0.00000,24.22222
1142,2023-09-27 19:02:01,ITM Medellín,Habilitada,0.00000,24.22222
1143,2023-09-27 19:03:00,ITM Medellín,Habilitada,0.00000,24.16667
1144,2023-09-27 19:04:00,ITM Medellín,Habilitada,0.00000,24.16667
1145,2023-09-27 19:05:00,ITM Medellín,Habilitada,0.00000,24.16667
1146,2023-09-27 19:06:00,ITM Medellín,Habilitada,0.00000,24.11111
1147,2023-09-27 19:07:00,ITM Medellín,Habilitada,0.00000,24.11111
1148,2023-09-27 19:08:00,ITM Medellín,Habilitada,0.00000,24.05556
1149,2023-09-27 19:09:00,ITM Medellín,Habilitada,0.00000,24.05556
1150,2023-09-27 19:10:00,ITM Medellín,Habilitada,0.00000,24.00000
1151,2023-09-27 19:11:00,ITM Medellín,Habilitada,0.00000,23.94444
1152,2023-09-27 19:12:01,ITM Medellín,Habilitada,0.00000,23.88889
1153,2023-09-27 19:13:00,ITM Medellín,Habilitada,0.00000,23.77778
1154,2023-09-27 19:14:00,ITM Medellín,Habilitada,0.00000,23.72222
1155,2023-09-27 19:15:00,ITM Medellín,Habilitada,0.00000,23.66667
1156,2023-09-27 19:16:00,ITM Medellín,Habilitada,0.00000,23.55556
1157,2023-09-27 19:17:00,ITM Medellín,Habilitada,0.00000,23.55556
1158,2023-09-27 19:18:01,ITM Medellín,Habilitada,0.00000,23.50000
1159,2023-09-27 19:19:00,ITM Medellín,Habilitada,0.00000,23.44444
1160,2023-09-27 19:20:00,ITM Medellín,Habilitada,0.00000,23.38889
1161,2023-09-27 19:21:01,ITM Medellín,Habilitada,0.00000,23.33333
1162,2023-09-27 19:22:00,ITM Medellín,Habilitada,0.00000,23.27778
1163,2023-09-27 19:23:00,ITM Medellín,Habilitada,0.00000,23.22222
1164,2023-09-27 19:24:00,ITM Medellín,Habilitada,0.00000,23.11111
1165,2023-09-27 19:25:00,ITM Medellín,Habilitada,0.00000,23.11111
1166,2023-09-27 19:26:00,ITM Medellín,Habilitada,0.00000,23.05556
1167,2023-09-27 19:27:01,ITM Medellín,Habilitada,0.00000,23.00000
1168,2023-09-27 19:28:01,ITM Medellín,Habilitada,0.00000,22.94444
1169,2023-09-27 19:29:00,ITM Medellín,Habilitada,0.00000,22.94444
1170,2023-09-27 19:30:00,ITM Medellín,Habilitada,0.00000,22.88889
1171,2023-09-27 19:31:00,ITM Medellín,Habilitada,0.00000,22.88889
1172,2023-09-27 19:32:00,ITM Medellín,Habilitada,0.00000,22.83333
1173,2023-09-27 19:33:00,ITM Medellín,Habilitada,0.00000,22.83333
1174,2023-09-27 19:34:00,ITM Medellín,Habilitada,0.00000,22.77778
1175,2023-09-27 19:35:00,ITM Medellín,Habilitada,0.00000,22.72222
1176,2023-09-27 19:36:00,ITM Medellín,Habilitada,0.00000,22.72222
1177,2023-09-27 19:37:01,ITM Medellín,Habilitada,0.00000,22.72222
1178,2023-09-27 19:38:00,ITM Medellín,Habilitada,0.00000,22.66667
1179,2023-09-27 19:39:00,ITM Medellín,Habilitada,0.00000,22.66667
1180,2023-09-27 19:40:00,ITM Medellín,Habilitada,0.00000,22.61111
1181,2023-09-27 19:41:00,ITM Medellín,Habilitada,0.00000,22.61111
1182,2023-09-27 19:42:11,ITM Medellín,Habilitada,0.00000,22.55556
1183,2023-09-27 19:43:00,ITM Medellín,Habilitada,0.00000,22.55556
1184,2023-09-27 19:44:00,ITM Medellín,Habilitada,0.00000,22.55556
1185,2023-09-27 19:45:00,ITM Medellín,Habilitada,0.00000,22.55556
1186,2023-09-27 19:46:00,ITM Medellín,Habilitada,0.00000,22.55556
1187,2023-09-27 19:47:00,ITM Medellín,Habilitada,0.00000,22.55556
1188,2023-09-27 19:48:00,ITM Medellín,Habilitada,0.00000,22.55556
1189,2023-09-27 19:49:01,ITM Medellín,Habilitada,0.00000,22.50000
1190,2023-09-27 19:50:00,ITM Medellín,Habilitada,0.00000,22.50000
1191,2023-09-27 19:51:01,ITM Medellín,Habilitada,0.00000,22.50000
1192,2023-09-27 19:52:00,ITM Medellín,Habilitada,0.00000,22.50000
1193,2023-09-27 19:53:00,ITM Medellín,Habilitada,0.00000,22.55556
1194,2023-09-27 19:54:00,ITM Medellín,Habilitada,0.00000,22.55556
1195,2023-09-27 19:55:00,ITM Medellín,Habilitada,0.00000,22.55556
1196,2023-09-27 19:56:00,ITM Medellín,Habilitada,0.00000,22.55556
1197,2023-09-27 19:57:00,ITM Medellín,Habilitada,0.00000,22.55556
1198,2023-09-27 19:58:01,ITM Medellín,Habilitada,0.00000,22.55556
1199,2023-09-27 19:59:00,ITM Medellín,Habilitada,0.00000,22.61111
1200,2023-09-27 20:00:00,ITM Medellín,Habilitada,0.00000,22.61111
1201,2023-09-27 20:01:00,ITM Medellín,Habilitada,0.00000,22.61111
1202,2023-09-27 20:02:00,ITM Medellín,Habilitada,0.00000,22.61111
1203,2023-09-27 20:03:00,ITM Medellín,Habilitada,0.00000,22.61111
1204,2023-09-27 20:04:00,ITM Medellín,Habilitada,0.00000,22.55556
1205,2023-09-27 20:05:00,ITM Medellín,Habilitada,0.00000,22.55556
1206,2023-09-27 20:06:00,ITM Medellín,Habilitada,0.00000,22.55556
1207,2023-09-27 20:07:01,ITM Medellín,Habilitada,0.00000,22.55556
1208,2023-09-27 20:08:00,ITM Medellín,Habilitada,0.00000,22.50000
1209,2023-09-27 20:09:00,ITM Medellín,Habilitada,0.00000,22.50000
1210,2023-09-27 20:10:00,ITM Medellín,Habilitada,0.00000,22.50000
1211,2023-09-27 20:11:00,ITM Medellín,Habilitada,0.00000,22.50000
1212,2023-09-27 20:12:00,ITM Medellín,Habilitada,0.00000,22.44444
1213,2023-09-27 20:13:00,ITM Medellín,Habilitada,0.00000,22.44444
1214,2023-09-27 20:14:01,ITM Medellín,Habilitada,0.00000,22.44444
1215,2023-09-27 20:15:00,ITM Medellín,Habilitada,0.00000,22.44444
1216,2023-09-27 20:16:01,ITM Medellín,Habilitada,0.00000,22.44444
1217,2023-09-27 20:17:00,ITM Medellín,Habilitada,0.00000,22.44444
1218,2023-09-27 20:18:00,ITM Medellín,Habilitada,0.00000,22.44444
1219,2023-09-27 20:19:00,ITM Medellín,Habilitada,0.00000,22.44444
1220,2023-09-27 20:20:00,ITM Medellín,Habilitada,0.00000,22.44444
1221,2023-09-27 20:21:00,ITM Medellín,Habilitada,0.00000,22.44444
1222,2023-09-27 20:22:00,ITM Medellín,Habilitada,0.00000,22.44444
1223,2023-09-27 20:23:01,ITM Medellín,Habilitada,0.00000,22.44444
1224,2023-09-27 20:24:00,ITM Medellín,Habilitada,0.00000,22.44444
1225,2023-09-27 20:25:00,ITM Medellín,Habilitada,0.00000,22.38889
1226,2023-09-27 20:26:00,ITM Medellín,Habilitada,0.00000,22.38889
1227,2023-09-27 20:27:00,ITM Medellín,Habilitada,0.00000,22.38889
1228,2023-09-27 20:28:00,ITM Medellín,Habilitada,0.00000,22.33333
1229,2023-09-27 20:29:00,ITM Medellín,Habilitada,0.00000,22.33333
1230,2023-09-27 20:30:00,ITM Medellín,Habilitada,0.00000,22.33333
1231,2023-09-27 20:31:00,ITM Medellín,Habilitada,0.00000,22.27778
1232,2023-09-27 20:32:00,ITM Medellín,Habilitada,0.00000,22.27778
1233,2023-09-27 20:33:01,ITM Medellín,Habilitada,0.00000,22.27778
1234,2023-09-27 20:34:00,ITM Medellín,Habilitada,0.00000,22.27778
1235,2023-09-27 20:35:00,ITM Medellín,Habilitada,0.00000,22.27778
1236,2023-09-27 20:36:00,ITM Medellín,Habilitada,0.00000,22.22222
1237,2023-09-27 20:37:00,ITM Medellín,Habilitada,0.00000,22.22222
1238,2023-09-27 20:38:00,ITM Medellín,Habilitada,0.00000,22.22222
1239,2023-09-27 20:39:00,ITM Medellín,Habilitada,0.00000,22.22222
1240,2023-09-27 20:40:00,ITM Medellín,Habilitada,0.00000,22.16667
1241,2023-09-27 20:41:00,ITM Medellín,Habilitada,0.00000,22.16667
1242,2023-09-27 20:42:01,ITM Medellín,Habilitada,0.00000,22.16667
1243,2023-09-27 20:43:00,ITM Medellín,Habilitada,0.00000,22.16667
1244,2023-09-27 20:44:00,ITM Medellín,Habilitada,0.00000,22.16667
1245,2023-09-27 20:45:00,ITM Medellín,Habilitada,0.00000,22.11111
1246,2023-09-27 20:46:00,ITM Medellín,Habilitada,0.00000,22.11111
1247,2023-09-27 20:47:00,ITM Medellín,Habilitada,0.00000,22.05556
1248,2023-09-27 20:48:00,ITM Medellín,Habilitada,0.00000,22.05556
1249,2023-09-27 20:49:01,ITM Medellín,Habilitada,0.00000,22.05556
1250,2023-09-27 20:50:00,ITM Medellín,Habilitada,0.00000,22.00000
1251,2023-09-27 20:51:01,ITM Medellín,Habilitada,0.00000,22.00000
1252,2023-09-27 20:52:00,ITM Medellín,Habilitada,0.00000,21.94444
1253,2023-09-27 20:53:00,ITM Medellín,Habilitada,0.00000,22.00000
1254,2023-09-27 20:54:00,ITM Medellín,Habilitada,0.00000,21.94444
1255,2023-09-27 20:55:11,ITM Medellín,Habilitada,0.00000,21.94444
1256,2023-09-27 20:56:01,ITM Medellín,Habilitada,0.00000,21.94444
1257,2023-09-27 20:57:00,ITM Medellín,Habilitada,0.00000,21.94444
1258,2023-09-27 20:58:00,ITM Medellín,Habilitada,0.00000,21.94444
1259,2023-09-27 20:59:00,ITM Medellín,Habilitada,0.00000,21.94444
1260,2023-09-27 21:00:00,ITM Medellín,Habilitada,0.00000,21.88889
1261,2023-09-27 21:01:00,ITM Medellín,Habilitada,0.00000,21.88889
1262,2023-09-27 21:02:00,ITM Medellín,Habilitada,0.00000,21.88889
1263,2023-09-27 21:03:00,ITM Medellín,Habilitada,0.00000,21.83333
1264,2023-09-27 21:04:01,ITM Medellín,Habilitada,0.00000,21.83333
1265,2023-09-27 21:05:00,ITM Medellín,Habilitada,0.00000,21.83333
1266,2023-09-27 21:06:00,ITM Medellín,Habilitada,0.00000,21.83333
1267,2023-09-27 21:07:00,ITM Medellín,Habilitada,0.00000,21.83333
1268,2023-09-27 21:08:00,ITM Medellín,Habilitada,0.00000,21.83333
1269,2023-09-27 21:09:00,ITM Medellín,Habilitada,0.00000,21.83333
1270,2023-09-27 21:10:00,ITM Medellín,Habilitada,0.00000,21.83333
1271,2023-09-27 21:11:00,ITM Medellín,Habilitada,0.00000,21.83333
1272,2023-09-27 21:12:00,ITM Medellín,Habilitada,0.00000,21.83333
1273,2023-09-27 21:13:00,ITM Medellín,Habilitada,0.00000,21.83333
1274,2023-09-27 21:14:00,ITM Medellín,Habilitada,0.00000,21.83333
1275,2023-09-27 21:15:00,ITM Medellín,Habilitada,0.00000,21.83333
1276,2023-09-27 21:16:00,ITM Medellín,Habilitada,0.00000,21.83333
1277,2023-09-27 21:17:00,ITM Medellín,Habilitada,0.00000,21.77778
1278,2023-09-27 21:18:00,ITM Medellín,Habilitada,0.00000,21.77778
1279,2023-09-27 21:19:01,ITM Medellín,Habilitada,0.00000,21.72222
1280,2023-09-27 21:20:00,ITM Medellín,Habilitada,0.00000,21.72222
1281,2023-09-27 21:21:00,ITM Medellín,Habilitada,0.00000,21.72222
1282,2023-09-27 21:22:01,ITM Medellín,Habilitada,0.00000,21.66667
1283,2023-09-27 21:23:00,ITM Medellín,Habilitada,0.00000,21.66667
1284,2023-09-27 21:24:00,ITM Medellín,Habilitada,0.00000,21.66667
1285,2023-09-27 21:25:00,ITM Medellín,Habilitada,0.00000,21.66667
1286,2023-09-27 21:26:00,ITM Medellín,Habilitada,0.00000,21.61111
1287,2023-09-27 21:27:00,ITM Medellín,Habilitada,0.00000,21.61111
1288,2023-09-27 21:28:00,ITM Medellín,Habilitada,0.00000,21.61111
1289,2023-09-27 21:29:01,ITM Medellín,Habilitada,0.00000,21.61111
1290,2023-09-27 21:30:00,ITM Medellín,Habilitada,0.00000,21.61111
1291,2023-09-27 21:31:01,ITM Medellín,Habilitada,0.00000,21.66667
1292,2023-09-27 21:32:00,ITM Medellín,Habilitada,0.00000,21.66667
1293,2023-09-27 21:33:00,ITM Medellín,Habilitada,0.00000,21.66667
1294,2023-09-27 21:34:00,ITM Medellín,Habilitada,0.00000,21.66667
1295,2023-09-27 21:35:00,ITM Medellín,Habilitada,0.00000,21.66667
1296,2023-09-27 21:36:00,ITM Medellín,Habilitada,0.00000,21.66667
1297,2023-09-27 21:37:00,ITM Medellín,Habilitada,0.00000,21.66667
1298,2023-09-27 21:38:01,ITM Medellín,Habilitada,0.00000,21.72222
1299,2023-09-27 21:39:00,ITM Medellín,Habilitada,0.00000,21.72222
1300,2023-09-27 21:40:00,ITM Medellín,Habilitada,0.00000,21.72222
1301,2023-09-27 21:41:00,ITM Medellín,Habilitada,0.00000,21.72222
1302,2023-09-27 21:42:00,ITM Medellín,Habilitada,0.00000,21.72222
1303,2023-09-27 21:43:00,ITM Medellín,Habilitada,0.00000,21.72222
1304,2023-09-27 21:44:00,ITM Medellín,Habilitada,0.00000,21.72222
1305,2023-09-27 21:45:12,ITM Medellín,Habilitada,0.00000,21.66667
1306,2023-09-27 21:46:00,ITM Medellín,Habilitada,0.00000,21.66667
1307,2023-09-27 21:47:00,ITM Medellín,Habilitada,0.00000,21.66667
1308,2023-09-27 21:48:00,ITM Medellín,Habilitada,0.00000,21.66667
1309,2023-09-27 21:49:00,ITM Medellín,Habilitada,0.00000,21.66667
1310,2023-09-27 21:50:00,ITM Medellín,Habilitada,0.00000,21.66667
1311,2023-09-27 21:51:00,ITM Medellín,Habilitada,0.00000,21.66667
1312,2023-09-27 21:52:01,ITM Medellín,Habilitada,0.00000,21.66667
1313,2023-09-27 21:53:00,ITM Medellín,Habilitada,0.00000,21.61111
1314,2023-09-27 21:54:00,ITM Medellín,Habilitada,0.00000,21.61111
1315,2023-09-27 21:55:00,ITM Medellín,Habilitada,0.00000,21.55556
1316,2023-09-27 21:56:00,ITM Medellín,Habilitada,0.00000,21.55556
1317,2023-09-27 21:57:00,ITM Medellín,Habilitada,0.00000,21.55556
1318,2023-09-27 21:58:00,ITM Medellín,Habilitada,0.00000,21.50000
1319,2023-09-27 21:59:01,ITM Medellín,Habilitada,0.00000,21.50000
1320,2023-09-27 22:00:00,ITM Medellín,Habilitada,0.00000,21.50000
1321,2023-09-27 22:01:01,ITM Medellín,Habilitada,0.00000,21.50000
1322,2023-09-27 22:02:00,ITM Medellín,Habilitada,0.00000,21.44444
1323,2023-09-27 22:03:00,ITM Medellín,Habilitada,0.00000,21.44444
1324,2023-09-27 22:04:00,ITM Medellín,Habilitada,0.00000,21.44444
1325,2023-09-27 22:05:00,ITM Medellín,Habilitada,0.00000,21.44444
1326,2023-09-27 22:06:00,ITM Medellín,Habilitada,0.00000,21.44444
1327,2023-09-27 22:07:00,ITM Medellín,Habilitada,0.00000,21.44444
1328,2023-09-27 22:08:01,ITM Medellín,Habilitada,0.00000,21.44444
1329,2023-09-27 22:09:00,ITM Medellín,Habilitada,0.00000,21.44444
1330,2023-09-27 22:10:00,ITM Medellín,Habilitada,0.00000,21.44444
1331,2023-09-27 22:11:01,ITM Medellín,Habilitada,0.00000,21.44444
1332,2023-09-27 22:12:00,ITM Medellín,Habilitada,0.00000,21.44444
1333,2023-09-27 22:13:00,ITM Medellín,Habilitada,0.00000,21.44444
1334,2023-09-27 22:14:00,ITM Medellín,Habilitada,0.00000,21.44444
1335,2023-09-27 22:15:00,ITM Medellín,Habilitada,0.00000,21.44444
1336,2023-09-27 22:16:00,ITM Medellín,Habilitada,0.00000,21.44444
1337,2023-09-27 22:17:00,ITM Medellín,Habilitada,0.00000,21.44444
1338,2023-09-27 22:18:01,ITM Medellín,Habilitada,0.00000,21.44444
1339,2023-09-27 22:19:00,ITM Medellín,Habilitada,0.00000,21.44444
1340,2023-09-27 22:20:00,ITM Medellín,Habilitada,0.00000,21.44444
1341,2023-09-27 22:21:00,ITM Medellín,Habilitada,0.00000,21.50000
1342,2023-09-27 22:22:00,ITM Medellín,Habilitada,0.00000,21.44444
1343,2023-09-27 22:23:00,ITM Medellín,Habilitada,0.00000,21.44444
1344,2023-09-27 22:24:00,ITM Medellín,Habilitada,0.00000,21.44444
1345,2023-09-27 22:25:00,ITM Medellín,Habilitada,0.00000,21.44444
1346,2023-09-27 22:26:00,ITM Medellín,Habilitada,0.00000,21.44444
1347,2023-09-27 22:27:01,ITM Medellín,Habilitada,0.00000,21.44444
1348,2023-09-27 22:28:00,ITM Medellín,Habilitada,0.00000,21.44444
1349,2023-09-27 22:29:00,ITM Medellín,Habilitada,0.00000,21.44444
1350,2023-09-27 22:30:00,ITM Medellín,Habilitada,0.00000,21.50000
1351,2023-09-27 22:31:10,ITM Medellín,Habilitada,0.00000,21.50000
1352,2023-09-27 22:32:00,ITM Medellín,Habilitada,0.00000,21.50000
1353,2023-09-27 22:33:01,ITM Medellín,Habilitada,0.00000,21.50000
1354,2023-09-27 22:34:00,ITM Medellín,Habilitada,0.00000,21.55556
1355,2023-09-27 22:35:00,ITM Medellín,Habilitada,0.00000,21.55556
1356,2023-09-27 22:36:00,ITM Medellín,Habilitada,0.00000,21.55556
1357,2023-09-27 22:37:00,ITM Medellín,Habilitada,0.00000,21.55556
1358,2023-09-27 22:38:00,ITM Medellín,Habilitada,0.00000,21.55556
1359,2023-09-27 22:39:00,ITM Medellín,Habilitada,0.00000,21.61111
1360,2023-09-27 22:40:00,ITM Medellín,Habilitada,0.00000,21.61111
1361,2023-09-27 22:41:00,ITM Medellín,Habilitada,0.00000,21.61111
1362,2023-09-27 22:42:01,ITM Medellín,Habilitada,0.00000,21.61111
1363,2023-09-27 22:43:00,ITM Medellín,Habilitada,0.00000,21.61111
1364,2023-09-27 22:44:00,ITM Medellín,Habilitada,0.00000,21.66667
1365,2023-09-27 22:45:00,ITM Medellín,Habilitada,0.00000,21.66667
1366,2023-09-27 22:46:00,ITM Medellín,Habilitada,0.00000,21.61111
1367,2023-09-27 22:47:00,ITM Medellín,Habilitada,0.00000,21.61111
1368,2023-09-27 22:48:00,ITM Medellín,Habilitada,0.00000,21.61111
1369,2023-09-27 22:49:01,ITM Medellín,Habilitada,0.00000,21.61111
1370,2023-09-27 22:50:00,ITM Medellín,Habilitada,0.00000,21.61111
1371,2023-09-27 22:51:01,ITM Medellín,Habilitada,0.00000,21.61111
1372,2023-09-27 22:52:00,ITM Medellín,Habilitada,0.00000,21.61111
1373,2023-09-27 22:53:00,ITM Medellín,Habilitada,0.00000,21.61111
1374,2023-09-27 22:54:00,ITM Medellín,Habilitada,0.00000,21.55556
1375,2023-09-27 22:55:00,ITM Medellín,Habilitada,0.00000,21.61111
1376,2023-09-27 22:56:00,ITM Medellín,Habilitada,0.00000,21.55556
1377,2023-09-27 22:57:00,ITM Medellín,Habilitada,0.00000,21.55556
1378,2023-09-27 22:58:01,ITM Medellín,Habilitada,0.00000,21.55556
1379,2023-09-27 22:59:10,ITM Medellín,Habilitada,0.00000,21.55556
1380,2023-09-27 23:00:00,ITM Medellín,Habilitada,0.00000,21.55556
1381,2023-09-27 23:01:00,ITM Medellín,Habilitada,0.00000,21.55556
1382,2023-09-27 23:02:00,ITM Medellín,Habilitada,0.00000,21.55556
1383,2023-09-27 23:03:01,ITM Medellín,Habilitada,0.00000,21.55556
1384,2023-09-27 23:04:00,ITM Medellín,Habilitada,0.00000,21.55556
1385,2023-09-27 23:05:00,ITM Medellín,Habilitada,0.00000,21.55556
1386,2023-09-27 23:06:00,ITM Medellín,Habilitada,0.00000,21.55556
1387,2023-09-27 23:07:00,ITM Medellín,Habilitada,0.00000,21.55556
1388,2023-09-27 23:08:00,ITM Medellín,Habilitada,0.00000,21.55556
1389,2023-09-27 23:09:00,ITM Medellín,Habilitada,0.00000,21.55556
1390,2023-09-27 23:10:00,ITM Medellín,Habilitada,0.00000,21.55556
1391,2023-09-27 23:11:00,ITM Medellín,Habilitada,0.00000,21.55556
1392,2023-09-27 23:12:01,ITM Medellín,Habilitada,0.00000,21.55556
1393,2023-09-27 23:13:00,ITM Medellín,Habilitada,0.00000,21.55556
1394,2023-09-27 23:14:00,ITM Medellín,Habilitada,0.00000,21.50000
1395,2023-09-27 23:15:00,ITM Medellín,Habilitada,0.00000,21.44444
1396,2023-09-27 23:16:00,ITM Medellín,Habilitada,0.00000,21.38889
1397,2023-09-27 23:17:00,ITM Medellín,Habilitada,0.00000,21.38889
1398,2023-09-27 23:18:00,ITM Medellín,Habilitada,0.00000,21.38889
1399,2023-09-27 23:19:01,ITM Medellín,Habilitada,0.00000,21.38889
1400,2023-09-27 23:20:10,ITM Medellín,Habilitada,0.00000,21.38889
1401,2023-09-27 23:21:00,ITM Medellín,Habilitada,0.00000,21.38889
1402,2023-09-27 23:22:00,ITM Medellín,Habilitada,0.00000,21.38889
1403,2023-09-27 23:23:00,ITM Medellín,Habilitada,0.00000,21.33333
1404,2023-09-27 23:24:00,ITM Medellín,Habilitada,0.00000,21.33333
1405,2023-09-27 23:25:00,ITM Medellín,Habilitada,0.00000,21.27778
1406,2023-09-27 23:26:00,ITM Medellín,Habilitada,0.00000,21.22222
1407,2023-09-27 23:27:01,ITM Medellín,Habilitada,0.00000,21.22222
1408,2023-09-27 23:28:00,ITM Medellín,Habilitada,0.00000,21.27778
1409,2023-09-27 23:29:00,ITM Medellín,Habilitada,0.00000,21.22222
1410,2023-09-27 23:30:00,ITM Medellín,Habilitada,0.00000,21.22222
1411,2023-09-27 23:31:00,ITM Medellín,Habilitada,0.00000,21.22222
1412,2023-09-27 23:32:00,ITM Medellín,Habilitada,0.00000,21.22222
1413,2023-09-27 23:33:01,ITM Medellín,Habilitada,0.00000,21.16667
1414,2023-09-27 23:34:00,ITM Medellín,Habilitada,0.00000,21.16667
1415,2023-09-27 23:35:00,ITM Medellín,Habilitada,0.00000,21.16667
1416,2023-09-27 23:36:00,ITM Medellín,Habilitada,0.00000,21.16667
1417,2023-09-27 23:37:00,ITM Medellín,Habilitada,0.00000,21.11111
1418,2023-09-27 23:38:10,ITM Medellín,Habilitada,0.00000,21.05556
1419,2023-09-27 23:39:01,ITM Medellín,Habilitada,0.00000,21.00000
1420,2023-09-27 23:40:00,ITM Medellín,Habilitada,0.00000,21.00000
1421,2023-09-27 23:41:01,ITM Medellín,Habilitada,0.00000,21.00000
1422,2023-09-27 23:42:00,ITM Medellín,Habilitada,0.00000,20.94444
1423,2023-09-27 23:43:00,ITM Medellín,Habilitada,0.00000,20.94444
1424,2023-09-27 23:44:00,ITM Medellín,Habilitada,0.00000,20.94444
1425,2023-09-27 23:45:10,ITM Medellín,Habilitada,0.00000,20.88889
1426,2023-09-27 23:46:00,ITM Medellín,Habilitada,0.00000,20.88889
1427,2023-09-27 23:47:01,ITM Medellín,Habilitada,0.00000,20.88889
1428,2023-09-27 23:48:01,ITM Medellín,Habilitada,0.00000,20.83333
1429,2023-09-27 23:49:00,ITM Medellín,Habilitada,0.00000,20.83333
1430,2023-09-27 23:50:00,ITM Medellín,Habilitada,0.00000,20.83333
1431,2023-09-27 23:51:00,ITM Medellín,Habilitada,0.00000,20.83333
1432,2023-09-27 23:52:00,ITM Medellín,Habilitada,0.00000,20.83333
1433,2023-09-27 23:53:00,ITM Medellín,Habilitada,0.00000,20.83333
1434,2023-09-27 23:54:01,ITM Medellín,Habilitada,0.00000,20.77778
1435,2023-09-27 23:55:00,ITM Medellín,Habilitada,0.00000,20.77778
1436,2023-09-27 23:56:01,ITM Medellín,Habilitada,0.00000,20.77778
1437,2023-09-27 23:57:00,ITM Medellín,Habilitada,0.00000,20.77778
1438,2023-09-27 23:58:00,ITM Medellín,Habilitada,0.00000,20.77778
1439,2023-09-27 23:59:00,ITM Medellín,Habilitada,0.00000,20.72222
1440,2023-09-28 00:00:00,ITM Medellín,Habilitada,0.00000,20.72222
